GEO_NAME,0 to 4 years,10 to 14 years,15 to 19 years,20 to 24 years,25 to 29 years,30 to 34 years,35 to 39 years,40 to 44 years,45 to 49 years,5 to 9 years,50 to 54 years,55 to 59 years,60 to 64 years,65 to 69 years,70 to 74 years,75 to 79 years,80 to 84 years,85 years and over,High (secondary) school diploma or equivalency certificate,"No certificate, diploma or degree","Postsecondary certificate, diploma or degree",Immigrants,Non-immigrants,Non-permanent residents,Married or living common-law,Not married and not living common-law,With children,Without children,Apartment in a building that has fewer than five storeys,Apartment in a building that has five or more storeys,Apartment or flat in a duplex,Movable dwelling,Other single-attached house,Row house,Semi-detached house,Single-detached house,"$10,000 to $19,999","$100,000 and over","$20,000 to $29,999","$30,000 to $39,999","$40,000 to $49,999","$50,000 to $59,999","$60,000 to $69,999","$70,000 to $79,999","$80,000 to $89,999","$90,000 to $99,999","Under $10,000 (including loss)",k3_seg,k3_2_seg,k3mix
Abbotsford - Mission,0.012504786,0.014282544,0.015918267,-0.007085755,-0.026129117,-0.01372647,-0.001692233,-0.014565492,-0.019704395,0.017489653,-0.025937421,-0.037973423,-0.029889278,-0.020656899,-0.016409333,-0.022308709,-0.013336368,-0.023703094,0.084161642,0.069042787,-0.076339044,-0.011070818,-0.015773294,0.000804832,-0.01567897,-0.034852515,0.0068794,-0.023730401,-0.01411661,-0.157127012,0.478004214,-0.316142258,-0.179678116,-0.035821967,-0.175005922,-0.096111228,0.026226541,-0.095233241,0.003283929,0.002008043,-0.019951075,-0.01517246,-0.017626832,-0.023895335,-0.041715234,-0.055196867,0.008891026,0,1,1
Alma,-0.272468433,-0.262848867,-0.260670622,-0.263383967,-0.26005944,-0.263809624,-0.26475278,-0.257600496,-0.259383587,-0.271312419,-0.258609173,-0.256334226,-0.257207216,-0.267026626,-0.275097639,-0.262276436,-0.255166763,-0.255896667,-0.291136424,-0.252939616,-0.249205769,-0.203920057,-0.294374548,-0.220307124,-0.261358619,-0.258915357,-0.251834102,-0.279955713,-0.198761289,-0.176187278,-0.154480823,-0.579568253,-0.052995543,-0.274420981,-0.215540192,-0.322741028,-0.243366964,-0.257034203,-0.251054839,-0.265678644,-0.265948098,-0.268774896,-0.279854142,-0.281129397,-0.271991243,-0.279516597,-0.245809763,0,7,7
Amos,-0.28421829,-0.278495521,-0.275313563,-0.272699668,-0.267138773,-0.272022535,-0.276245205,-0.272105091,-0.271407626,-0.282313076,-0.270748569,-0.279652196,-0.290062236,-0.299206734,-0.300720768,-0.299486622,-0.294206648,-0.300173046,-0.307342818,-0.264286451,-0.270613398,-0.204022682,-0.323173866,-0.22011435,-0.283527062,-0.27451747,-0.264292217,-0.310940011,-0.219660221,-0.176608966,-0.221949367,-0.579568253,-0.20501463,-0.277325276,-0.265891356,-0.342394281,-0.269547329,-0.264050789,-0.27322889,-0.287527411,-0.291310511,-0.291850029,-0.29363315,-0.290123595,-0.284028904,-0.285990065,-0.258586352,0,7,7
Baie-Comeau,-0.280145006,-0.274119762,-0.270161417,-0.266644463,-0.264015538,-0.266068175,-0.269919099,-0.263690212,-0.25995616,-0.276046879,-0.254000698,-0.255135639,-0.26448139,-0.280311992,-0.28334618,-0.270376613,-0.273602264,-0.282668431,-0.29383749,-0.253003362,-0.25706597,-0.203749016,-0.303974321,-0.21876493,-0.266457137,-0.263341488,-0.256461402,-0.286589631,-0.212394284,-0.175006554,-0.233671701,0.62324478,-0.171232611,-0.272410315,-0.235807327,-0.322380889,-0.258705767,-0.248721073,-0.262141864,-0.272516208,-0.274494129,-0.275271778,-0.282979278,-0.281129397,-0.271099564,-0.267976937,-0.251522872,0,4,4
Barrie,0.025194633,0.038150321,0.050763043,0.014689695,0.004686805,0.007421777,0.004212132,0.009239759,0.026674044,0.026819325,0.027341038,0.041569185,0.010967333,-0.023313972,-0.02781689,-0.0230681,-0.018397094,-0.011346895,0.078797025,0.034556055,-0.02124072,-0.070567588,0.075716828,-0.092883407,0.013474666,0.005807537,0.033871981,-0.00359451,-0.143779872,-0.101970314,-0.03543401,-0.574597951,-0.162787106,0.028072526,-0.126554801,0.153155827,0.018276063,-0.004055749,0.009912042,0.022442141,0.010833012,0.00913484,0.018170179,0.023953798,0.02092519,0.034024406,-0.002223568,0,1,1
Bathurst,-0.281711654,-0.275578348,-0.267043013,-0.261637274,-0.26005944,-0.264630915,-0.269497359,-0.25992566,-0.252856251,-0.282313076,-0.242985321,-0.250559215,-0.254903728,-0.255365027,-0.250527515,-0.248860519,-0.245045312,-0.261388311,-0.273692042,-0.235664377,-0.255859297,-0.201918872,-0.292945624,-0.21317448,-0.260010994,-0.256581579,-0.251596805,-0.267000063,-0.223180829,-0.176608966,-0.209966537,-0.336023465,-0.137450591,-0.25118662,-0.251007679,-0.290328593,-0.23750449,-0.265499867,-0.236051202,-0.2500387,-0.260893995,-0.276503946,-0.284968001,-0.281848932,-0.276895475,-0.283456969,-0.23427967,0,7,7
Belleville - Quinte West,-0.147449945,-0.148813932,-0.151390894,-0.161726385,-0.151058528,-0.153037981,-0.161004652,-0.159389996,-0.15780908,-0.150722933,-0.143622119,-0.114791969,-0.108450357,-0.10996408,-0.103984275,-0.109132475,-0.096115382,-0.100757724,-0.1009739,-0.11295281,-0.159796587,-0.171362317,-0.112212689,-0.181366744,-0.137728936,-0.141502163,-0.148609729,-0.11496628,-0.151794874,-0.132331799,-0.199546685,-0.26643924,-0.002322514,-0.185281462,-0.181972749,-0.069152315,-0.102828199,-0.184198983,-0.124939928,-0.126883961,-0.12415751,-0.127747746,-0.138086614,-0.131286059,-0.164766886,-0.17960003,-0.152322524,0,1,1
Brandon,-0.215129126,-0.222141047,-0.213081063,-0.200502988,-0.209358921,-0.211862959,-0.215936334,-0.216744042,-0.220906659,-0.215612887,-0.230958327,-0.241515329,-0.254055074,-0.26200771,-0.259302559,-0.260504523,-0.235646821,-0.232900407,-0.222897002,-0.222022675,-0.233004621,-0.165221928,-0.259417865,-0.179631777,-0.237101357,-0.221977279,-0.216180166,-0.257400394,-0.16887357,-0.164464371,-0.225596316,0.528809046,-0.230351145,-0.214101006,-0.225357086,-0.272012995,-0.222727843,-0.236670848,-0.224662899,-0.226303708,-0.227720694,-0.231249801,-0.237806859,-0.239756086,-0.235878258,-0.231106317,-0.209661364,0,4,4
Brantford,-0.076167474,-0.079332181,-0.079667599,-0.10245524,-0.101399087,-0.103349866,-0.100906652,-0.099710785,-0.094138927,-0.08082002,-0.092366892,-0.083737663,-0.085900418,-0.079850584,-0.080642657,-0.086350729,-0.089247254,-0.07621694,-0.052204659,-0.038624661,-0.120870566,-0.12871313,-0.057199106,-0.169029198,-0.093369591,-0.095641406,-0.08198848,-0.096079126,-0.171794926,-0.099946215,-0.160472239,-0.579568253,-0.103668572,-0.074024618,-0.099320838,-0.017240971,-0.072070286,-0.135693015,-0.082098216,-0.077763533,-0.082346286,-0.07386843,-0.07842493,-0.100166134,-0.106807775,-0.10979916,-0.105994403,0,1,1
Brockville,-0.27732504,-0.27106999,-0.260670622,-0.258493225,-0.256519773,-0.260832444,-0.268759313,-0.265240321,-0.256062661,-0.277857114,-0.249504626,-0.253501202,-0.25902576,-0.264664783,-0.254564035,-0.251898085,-0.230947576,-0.240451418,-0.26656423,-0.256700645,-0.255311246,-0.194546986,-0.297037543,-0.220692672,-0.267190844,-0.251058974,-0.253257887,-0.277614331,-0.202057178,-0.165139071,-0.246696517,-0.614360365,-0.129005087,-0.247835511,-0.220606976,-0.307203638,-0.238869724,-0.254517384,-0.246113882,-0.256168929,-0.265948098,-0.269110942,-0.276160799,-0.276452414,-0.275557957,-0.271072944,-0.242901271,0,7,7
Brooks,-0.282181648,-0.277965126,-0.274228901,-0.274446362,-0.272344166,-0.274178425,-0.273925633,-0.271108592,-0.271178597,-0.281338335,-0.275357043,-0.293708356,-0.310308687,-0.321939471,-0.324237887,-0.320243324,-0.311196227,-0.305321463,-0.298376781,-0.273848392,-0.285261735,-0.180179503,-0.346582243,-0.21086119,-0.296074954,-0.281619399,-0.264766811,-0.331231994,-0.235090973,-0.176693303,-0.243831057,-0.256498637,-0.281024174,-0.260569728,-0.257657833,-0.367449608,-0.28191474,-0.272745255,-0.283050548,-0.295858235,-0.302061969,-0.288489573,-0.302298299,-0.30307524,-0.298964521,-0.293026443,-0.25941735,0,7,7
Campbell River,-0.261658563,-0.251710571,-0.248874919,-0.255232729,-0.248919901,-0.247486462,-0.248937516,-0.245531788,-0.244840224,-0.256969789,-0.239388463,-0.244566279,-0.239627962,-0.235584594,-0.234030431,-0.238482168,-0.244322351,-0.251434706,-0.242667302,-0.246756228,-0.244018517,-0.189638096,-0.277123535,-0.21548777,-0.248114454,-0.245325122,-0.241333692,-0.251000614,-0.204529095,-0.176693303,-0.214655471,0.295204862,-0.272578669,-0.237335367,-0.229473848,-0.281273691,-0.232204171,-0.239645271,-0.235448646,-0.240607577,-0.250877679,-0.257013299,-0.263944359,-0.255585874,-0.257724384,-0.254467092,-0.22898206,0,4,4
Campbellton,-0.299728103,-0.294274774,-0.2868381,-0.282481154,-0.276612587,-0.281364722,-0.286894148,-0.286056076,-0.278851079,-0.300136927,-0.273895819,-0.281831446,-0.295517866,-0.303044729,-0.30317778,-0.302777319,-0.290953324,-0.293308491,-0.307417848,-0.27627075,-0.281348461,-0.203834536,-0.337670952,-0.221463769,-0.296314532,-0.278541226,-0.273428167,-0.320851864,-0.22947298,-0.176693303,-0.236276664,-0.505013726,-0.120559582,-0.274197574,-0.27254151,-0.355410703,-0.270671639,-0.278312764,-0.272445567,-0.285326815,-0.299121399,-0.308652311,-0.311815759,-0.309371178,-0.302085397,-0.302595917,-0.260456097,0,7,7
Campbellton (New Brunswick part),-0.301138086,-0.296263755,-0.288193928,-0.28352917,-0.277965989,-0.282596659,-0.288475675,-0.287716907,-0.280797829,-0.302364908,-0.27580665,-0.28466447,-0.298427536,-0.306735108,-0.306863299,-0.305814885,-0.294206648,-0.295539472,-0.309631221,-0.280924227,-0.282920501,-0.203877297,-0.34107439,-0.221463769,-0.298560575,-0.280683876,-0.274792627,-0.32373957,-0.231495458,-0.176693303,-0.237058153,-0.509984028,-0.120559582,-0.274420981,-0.274758228,-0.359989603,-0.274044569,-0.278808501,-0.27539809,-0.287920374,-0.301418719,-0.31100463,-0.31366243,-0.310450482,-0.303645834,-0.303158827,-0.262014218,0,7,7
Campbellton (Quebec part),-0.312731279,-0.307932446,-0.302158955,-0.294824457,-0.288897313,-0.293581428,-0.299124619,-0.298235506,-0.294539588,-0.312112326,-0.293004127,-0.30754659,-0.323765909,-0.334486761,-0.334416938,-0.332140459,-0.321317679,-0.320766711,-0.326813,-0.310311257,-0.295876612,-0.204997618,-0.366210466,-0.224355381,-0.315136371,-0.299122737,-0.285115064,-0.347309489,-0.245053546,-0.176693303,-0.252427435,-0.644182176,-0.281024174,-0.285144532,-0.281408382,-0.391681761,-0.293238149,-0.283460803,-0.296849074,-0.313541589,-0.323932455,-0.325566608,-0.32587887,-0.321963055,-0.314345978,-0.312446846,-0.276764427,0,7,7
Camrose,-0.284688285,-0.279821509,-0.276940557,-0.271884544,-0.267138773,-0.270482615,-0.276034334,-0.27520531,-0.273812434,-0.283566316,-0.271085774,-0.28335692,-0.297215173,-0.303339959,-0.30107177,-0.291892707,-0.276132627,-0.270140618,-0.293462342,-0.278756854,-0.274569939,-0.196924462,-0.327655492,-0.217415511,-0.288767829,-0.274145273,-0.264529514,-0.311642426,-0.223031016,-0.175681254,-0.242528576,-0.480162217,-0.264133164,-0.265261281,-0.247840939,-0.344040627,-0.273723338,-0.262716113,-0.267986655,-0.284462296,-0.295078116,-0.29745079,-0.297894699,-0.293181622,-0.289378976,-0.282894059,-0.259313475,0,7,7
Canmore,-0.29471483,-0.290959805,-0.284668776,-0.277124626,-0.266410019,-0.267505434,-0.272554976,-0.273323034,-0.270376994,-0.294149227,-0.270074158,-0.283901733,-0.297700118,-0.305406572,-0.311426322,-0.312902539,-0.306858462,-0.307037601,-0.306855126,-0.303107929,-0.268863482,-0.191570864,-0.339190808,-0.203150224,-0.288146423,-0.280221144,-0.267021137,-0.31015955,-0.222057231,-0.172392093,-0.233150709,-0.639211874,-0.272578669,-0.225718186,-0.247840939,-0.369764782,-0.281031353,-0.248187202,-0.282267225,-0.288549115,-0.299029506,-0.298234896,-0.300025473,-0.294620694,-0.284697663,-0.2851457,-0.260352223,0,7,7
Cape Breton,-0.195389365,-0.180239839,-0.169287823,-0.168946053,-0.171359558,-0.189893421,-0.196747148,-0.188288463,-0.167313797,-0.190687347,-0.152951469,-0.136366539,-0.114633405,-0.094907332,-0.101176261,-0.109132475,-0.105875353,-0.125470122,-0.1498932,-0.106833168,-0.163815626,-0.196394233,-0.130269095,-0.134329851,-0.179310675,-0.128475253,-0.186162044,-0.16007692,-0.17891105,-0.173066792,-0.153959831,0.51389814,-0.162787106,-0.251633435,-0.102170904,-0.064161829,-0.116801768,-0.227404378,-0.095053164,-0.121146695,-0.141525249,-0.168857329,-0.191640079,-0.207736741,-0.208682059,-0.20267935,-0.140584682,0,4,4
Centre Wellington,-0.261815228,-0.260727287,-0.255789642,-0.260589257,-0.256936205,-0.256623326,-0.260324506,-0.260589993,-0.255261059,-0.263653733,-0.250965849,-0.258949326,-0.271391856,-0.275588306,-0.272465125,-0.270882874,-0.262396372,-0.265507044,-0.273316894,-0.266198839,-0.255147792,-0.192545801,-0.29923289,-0.22011435,-0.264046384,-0.264407784,-0.239613286,-0.284170202,-0.223555362,-0.174837879,-0.243831057,-0.549746442,-0.255687659,-0.252527064,-0.247207591,-0.306894949,-0.255734376,-0.238386861,-0.260213686,-0.270629983,-0.277067127,-0.270903185,-0.264086411,-0.263141001,-0.264857813,-0.255030002,-0.245186515,0,7,7
Charlottetown,-0.204162592,-0.186471981,-0.184608678,-0.147170603,-0.180208724,-0.192973263,-0.197168888,-0.191167238,-0.184032938,-0.196118051,-0.18341236,-0.193027027,-0.202287202,-0.192776193,-0.188400201,-0.20025946,-0.200944702,-0.206128643,-0.205677708,-0.218516631,-0.17564679,-0.167522436,-0.200780011,-0.06936496,-0.195272553,-0.184485934,-0.182661907,-0.201597439,-0.128648746,-0.175259566,-0.216218449,0.29023456,-0.22190564,-0.233090628,-0.137321717,-0.1927826,-0.187552998,-0.218137908,-0.175072563,-0.164058301,-0.180671581,-0.184427443,-0.192918544,-0.206657438,-0.20199447,-0.208308452,-0.181926816,0,4,4
Chatham-Kent,-0.155126519,-0.154117883,-0.146103166,-0.167199359,-0.175940303,-0.179216636,-0.174711214,-0.174226757,-0.163534813,-0.156292886,-0.150815835,-0.13331559,-0.116451949,-0.109668849,-0.109600303,-0.110144997,-0.110574599,-0.120493319,-0.122244792,-0.081207168,-0.177930335,-0.170968921,-0.129762477,-0.20392132,-0.152170991,-0.152627848,-0.158398247,-0.130419406,-0.170821141,-0.150801703,-0.214915967,-0.475191915,-0.145896096,-0.216781894,-0.191789643,-0.050785268,-0.115838073,-0.197660152,-0.132110341,-0.125233515,-0.13206029,-0.14567018,-0.16038872,-0.174098441,-0.187950531,-0.190295324,-0.143493174,0,1,1
Chilliwack,-0.113767019,-0.120835594,-0.12685041,-0.164404649,-0.158033754,-0.151087414,-0.14002307,-0.15330028,-0.146014069,-0.123151665,-0.138676439,-0.140180226,-0.131000297,-0.125463673,-0.108722799,-0.101032299,-0.108767197,-0.124097211,-0.082666677,-0.122387258,-0.164003117,-0.143790434,-0.123903887,-0.19370429,-0.137863699,-0.148503498,-0.13745675,-0.122536751,-0.133517672,-0.17180173,-0.162295713,0.966195603,-0.20501463,-0.020406862,-0.178489335,-0.133925735,-0.117444231,-0.168259129,-0.128736029,-0.130970781,-0.138492786,-0.143653906,-0.14731997,-0.151253178,-0.154735502,-0.143292319,-0.121160111,0,4,4
Cobourg,-0.290328216,-0.285258058,-0.277482888,-0.276309502,-0.271511303,-0.273973102,-0.277721296,-0.278526973,-0.273926949,-0.290668006,-0.271085774,-0.277472947,-0.28606144,-0.28680706,-0.274571136,-0.269364091,-0.251551959,-0.244570151,-0.287347429,-0.282454138,-0.269988428,-0.195795588,-0.324940536,-0.222813188,-0.283923863,-0.269950507,-0.26488546,-0.300715973,-0.22033438,-0.170536668,-0.24435205,-0.649152478,-0.230351145,-0.235324701,-0.257341159,-0.342188488,-0.262560544,-0.260275561,-0.267444355,-0.2790394,-0.287910477,-0.291401969,-0.293349047,-0.289763827,-0.287372699,-0.284301334,-0.256404984,0,7,7
Collingwood,-0.283748296,-0.277965126,-0.272059576,-0.27106942,-0.26391143,-0.267094789,-0.272660411,-0.270776426,-0.263964173,-0.283009321,-0.264454067,-0.272460673,-0.275998832,-0.276473997,-0.270183614,-0.264554611,-0.255889724,-0.248860498,-0.281382576,-0.277864407,-0.262589744,-0.193315487,-0.31517189,-0.219921575,-0.277006051,-0.264106002,-0.258241133,-0.293691825,-0.216963584,-0.169102932,-0.240184109,-0.649152478,-0.23879665,-0.22370752,-0.235807327,-0.331435792,-0.259267922,-0.247615198,-0.259490619,-0.27141591,-0.281845553,-0.285689193,-0.285962362,-0.281309281,-0.279347591,-0.276702046,-0.252042246,0,7,7
Corner Brook,-0.281084995,-0.273324169,-0.261619702,-0.258260332,-0.258810146,-0.262269703,-0.265807131,-0.260257827,-0.253657853,-0.27716087,-0.247368991,-0.257859701,-0.267876005,-0.269388469,-0.262812577,-0.264554611,-0.26058897,-0.272028371,-0.276130504,-0.26071666,-0.25452763,-0.202329372,-0.296439993,-0.218186608,-0.267969472,-0.257456746,-0.250291669,-0.282297096,-0.231270738,-0.176693303,-0.152917846,-0.639211874,-0.179678116,-0.266601725,-0.255441115,-0.300361013,-0.244250351,-0.259169686,-0.248825383,-0.258683895,-0.26631567,-0.273703565,-0.285678259,-0.284727076,-0.275557957,-0.272480219,-0.240719902,0,7,7
Cornwall,-0.221082388,-0.22081506,-0.221351613,-0.225538934,-0.21373145,-0.221307807,-0.229642895,-0.227816252,-0.221479233,-0.222018333,-0.215222073,-0.206974224,-0.204348218,-0.207094865,-0.197526247,-0.196715633,-0.180701799,-0.179700106,-0.202301376,-0.184348631,-0.227557767,-0.187602703,-0.227604816,-0.202379127,-0.22259192,-0.207350927,-0.218315843,-0.223528391,-0.177188199,-0.157295687,-0.158909261,-0.534835537,-0.078332057,-0.229069296,-0.139221761,-0.237851318,-0.184340683,-0.245365314,-0.193269746,-0.20264731,-0.209066456,-0.218032006,-0.229851968,-0.243173881,-0.247915919,-0.24996381,-0.20934974,0,7,7
Courtenay,-0.237845518,-0.227710195,-0.226232594,-0.237882237,-0.231533891,-0.226235554,-0.219626562,-0.218626318,-0.215180926,-0.227449038,-0.214098055,-0.206647337,-0.195740446,-0.181114594,-0.161197564,-0.15570849,-0.162266298,-0.172835551,-0.206578063,-0.227122377,-0.205289602,-0.175475863,-0.230683498,-0.203150224,-0.208733836,-0.213627986,-0.217366653,-0.190436849,-0.193368017,-0.175934266,-0.20762207,0.320056371,-0.188123621,-0.209186045,-0.105337644,-0.209554749,-0.197511173,-0.218748046,-0.197126103,-0.198088934,-0.210261062,-0.21467155,-0.217635528,-0.214572332,-0.222725998,-0.226603035,-0.199897141,0,4,4
Cowansville,-0.29142487,-0.288970823,-0.284126444,-0.281200245,-0.273281136,-0.277874235,-0.282149569,-0.280077082,-0.278393021,-0.292756739,-0.275581846,-0.287388532,-0.29733641,-0.304373265,-0.298263755,-0.294170881,-0.283000755,-0.27906454,-0.30407903,-0.277928153,-0.278627437,-0.203252996,-0.333864817,-0.222620414,-0.291874854,-0.277253624,-0.271589112,-0.317808067,-0.200334327,-0.176608966,-0.22455433,-0.614360365,-0.179678116,-0.28201683,-0.262407943,-0.367398159,-0.270029176,-0.276444217,-0.271662245,-0.286662891,-0.294251081,-0.301707368,-0.305707539,-0.303435008,-0.29963328,-0.302033007,-0.26471496,0,7,7
Cranbrook,-0.278891688,-0.268815811,-0.264873689,-0.262335951,-0.258706038,-0.262167042,-0.266545176,-0.265129599,-0.261215821,-0.276882372,-0.255911529,-0.265378112,-0.274665234,-0.276769228,-0.280011663,-0.275692354,-0.268541539,-0.27374451,-0.273879616,-0.271744765,-0.261565754,-0.196137671,-0.308313054,-0.209318997,-0.271757798,-0.2644782,-0.254207077,-0.286901815,-0.227600316,-0.176693303,-0.239923613,0.195798826,-0.196569125,-0.261910172,-0.251007679,-0.31507523,-0.257420841,-0.246127987,-0.259671386,-0.270079834,-0.281202303,-0.281992691,-0.284399794,-0.280229977,-0.275780877,-0.271917309,-0.244251642,0,4,4
Dawson Creek,-0.279048353,-0.281147496,-0.275313563,-0.269788512,-0.263286783,-0.266684143,-0.272238671,-0.276091087,-0.272438258,-0.280363593,-0.271310578,-0.283574845,-0.298427536,-0.310720718,-0.313532333,-0.312396278,-0.301436256,-0.300859502,-0.295863289,-0.276015765,-0.276675608,-0.198575012,-0.329552064,-0.207198481,-0.290325085,-0.275684359,-0.264292217,-0.31835439,-0.230821299,-0.176693303,-0.244612546,-0.246558033,-0.264133164,-0.27039965,-0.262407943,-0.342600075,-0.273883953,-0.256538466,-0.276904479,-0.289492228,-0.29948897,-0.300139155,-0.299173164,-0.293901158,-0.285143502,-0.284019879,-0.256716608,0,7,7
Dolbeau-Mistassini,-0.293931506,-0.285523255,-0.282363868,-0.281083799,-0.277341342,-0.281056738,-0.283414791,-0.278748417,-0.27862205,-0.29261749,-0.276930668,-0.282921071,-0.29151707,-0.300535271,-0.297561752,-0.296195925,-0.292037765,-0.284899411,-0.309893825,-0.276015765,-0.27479589,-0.20451015,-0.331890304,-0.22107822,-0.289471589,-0.279869065,-0.26992803,-0.313515532,-0.227150877,-0.176693303,-0.219604901,-0.539805838,-0.145896096,-0.282687052,-0.261457921,-0.351140494,-0.268342711,-0.274575669,-0.272987867,-0.288942079,-0.29719165,-0.300699231,-0.302724454,-0.301096516,-0.295397807,-0.296403904,-0.261598719,0,7,7
Drummondville,-0.150739905,-0.149211729,-0.156814206,-0.175001258,-0.173337607,-0.17285163,-0.172497077,-0.139902907,-0.160442917,-0.154900398,-0.163517239,-0.152384024,-0.145306172,-0.127677901,-0.119779355,-0.119510826,-0.134793786,-0.156875461,-0.186920308,-0.080505959,-0.153551694,-0.189458502,-0.126073254,-0.180788422,-0.138657301,-0.153332005,-0.168364738,-0.141501951,-0.043180357,-0.168428232,-0.068517042,-0.172003506,0.006122991,-0.248952547,-0.130988237,-0.14745664,-0.125234094,-0.226031567,-0.121746382,-0.138437086,-0.116530407,-0.128083792,-0.157121533,-0.185611014,-0.18884221,-0.217877926,-0.179433823,0,1,1
Duncan,-0.252415342,-0.243091652,-0.239926455,-0.2483624,-0.246421313,-0.243277345,-0.242611411,-0.241877959,-0.237740315,-0.246108381,-0.230845925,-0.230401157,-0.227504339,-0.218904079,-0.20998681,-0.216712944,-0.210704673,-0.219171297,-0.23366375,-0.229927213,-0.235268936,-0.183395083,-0.264821797,-0.213752802,-0.239572004,-0.232529578,-0.234274094,-0.240464392,-0.203030963,-0.176524628,-0.205017107,0.170947317,-0.137450591,-0.230856554,-0.210156734,-0.264038507,-0.217989679,-0.238806331,-0.223578299,-0.228661489,-0.2404019,-0.246035808,-0.254284848,-0.25036924,-0.249699277,-0.25052672,-0.210388487,0,4,4
Edmonton,2.306233701,2.054579685,1.870961981,1.758006616,1.775248893,2.045763741,2.1504488,1.977435768,1.779320974,2.221241624,1.618950704,1.614115647,1.737007592,1.724744933,1.520978427,1.385856344,1.355951432,1.351782113,2.121627981,1.770048215,1.657193357,1.295566157,2.249902983,0.761877196,1.823148794,1.683230855,1.797644315,1.933587479,1.329482421,0.344849547,0.317538488,5.837091354,-0.044550038,1.78785196,2.153497919,2.793174332,1.294930206,2.014280639,1.636089409,1.702989537,1.731158104,1.825461474,2.01754688,2.080746984,2.020960373,2.199540093,1.505206225,2,9,29
Edmundston,-0.291738199,-0.282606083,-0.276262643,-0.273631238,-0.270262009,-0.274075763,-0.27635064,-0.271883647,-0.265338349,-0.290807255,-0.262992843,-0.269191798,-0.274543998,-0.278983455,-0.276326145,-0.279995573,-0.271071902,-0.266193499,-0.290311099,-0.265178899,-0.268353891,-0.202055705,-0.317860866,-0.212981706,-0.278810372,-0.2671037,-0.262631135,-0.297125853,-0.221233258,-0.174584867,-0.221167878,-0.296261051,-0.213460135,-0.273974167,-0.261774595,-0.326239513,-0.256135915,-0.270800441,-0.258164997,-0.271651688,-0.279823911,-0.28927368,-0.297326492,-0.29354139,-0.287372699,-0.294715174,-0.25214612,0,7,7
Elliot Lake,-0.303018063,-0.298783131,-0.293481657,-0.287604789,-0.281713871,-0.285163194,-0.290373506,-0.290042071,-0.286867106,-0.303061152,-0.281539143,-0.291311181,-0.296730228,-0.300092425,-0.291594722,-0.289108271,-0.281916314,-0.293308491,-0.305241989,-0.282390392,-0.284064677,-0.20091828,-0.343542531,-0.223777058,-0.299017271,-0.282454329,-0.278114791,-0.318822666,-0.233892468,-0.166994495,-0.250603961,-0.649152478,-0.281024174,-0.258559062,-0.213640148,-0.369250299,-0.268423018,-0.276749286,-0.270396878,-0.293343269,-0.30638093,-0.312124782,-0.314372688,-0.311170018,-0.306766709,-0.305129013,-0.263468464,0,7,7
Essa,-0.268551813,-0.268815811,-0.267178596,-0.26734314,-0.259643009,-0.257341956,-0.260219071,-0.26568321,-0.261215821,-0.269223686,-0.259733191,-0.271262086,-0.292608196,-0.308063645,-0.309846814,-0.310877495,-0.306496982,-0.310469879,-0.281720209,-0.278501869,-0.269988428,-0.195094318,-0.317627042,-0.220499898,-0.278742991,-0.274467173,-0.246554235,-0.312422887,-0.243705227,-0.175765591,-0.245133539,-0.529865235,-0.255687659,-0.264591059,-0.232640588,-0.333390827,-0.267539632,-0.256080862,-0.272686589,-0.28634852,-0.291126725,-0.290057786,-0.280706452,-0.273934038,-0.272214162,-0.273324585,-0.249549253,0,7,7
Estevan,-0.290328216,-0.287644836,-0.282635034,-0.280501567,-0.273281136,-0.2753077,-0.280673478,-0.279855638,-0.278049477,-0.291225001,-0.277942285,-0.290330519,-0.3066716,-0.317511016,-0.321780874,-0.317458889,-0.307942904,-0.302575641,-0.300627669,-0.289529974,-0.283646428,-0.198899991,-0.340827575,-0.219343253,-0.296801175,-0.284918879,-0.268385597,-0.325846814,-0.233143402,-0.175934266,-0.24930148,-0.370815578,-0.264133164,-0.27866572,-0.272858184,-0.358394705,-0.282958742,-0.259131552,-0.285340259,-0.298608979,-0.305921466,-0.308316265,-0.3067019,-0.301636168,-0.292722771,-0.290493347,-0.263260714,0,7,7
Fort St. John,-0.248812052,-0.256351528,-0.256738721,-0.249643309,-0.237676254,-0.241224117,-0.248621211,-0.255053888,-0.256291691,-0.258501527,-0.257147949,-0.273877185,-0.291153362,-0.306292263,-0.314409837,-0.312649409,-0.303243658,-0.306351146,-0.270690858,-0.260397929,-0.264902133,-0.191904395,-0.305468196,-0.196595903,-0.272618781,-0.26365333,-0.245783018,-0.302511033,-0.221083445,-0.174247517,-0.240705102,0.449284217,-0.255687659,-0.244484401,-0.21934028,-0.330149584,-0.268423018,-0.222256339,-0.270758411,-0.282183108,-0.287359121,-0.286585315,-0.281274658,-0.274653574,-0.262851536,-0.252215451,-0.238954032,0,4,4
Fredericton,-0.156849831,-0.150670315,-0.141086602,-0.115613667,-0.139710773,-0.150163462,-0.145716565,-0.144885401,-0.135936779,-0.146963214,-0.138564037,-0.141378813,-0.153186528,-0.146572643,-0.143120972,-0.147102052,-0.145276718,-0.176439443,-0.135224913,-0.176125362,-0.138283194,-0.164152919,-0.12053942,-0.155342233,-0.139997439,-0.149217715,-0.14386378,-0.124019626,-0.095465138,-0.169693294,-0.108633473,2.675979418,0.03990501,-0.227952259,-0.225040412,-0.115352896,-0.139850125,-0.17363597,-0.138316665,-0.129791891,-0.124892652,-0.140853526,-0.139507131,-0.136682578,-0.137124849,-0.157927986,-0.137468441,0,3,3
Gander,-0.296438143,-0.289236021,-0.28195712,-0.280152229,-0.276716695,-0.278798187,-0.28299305,-0.282180802,-0.274041464,-0.295402466,-0.270748569,-0.289022969,-0.303519457,-0.314263482,-0.310724318,-0.309611843,-0.295291089,-0.296740769,-0.306067315,-0.291569854,-0.278545711,-0.203672047,-0.336618744,-0.221270994,-0.294098437,-0.283983356,-0.268444921,-0.319603127,-0.238162142,-0.176440291,-0.228201279,-0.59944946,-0.281024174,-0.27285713,-0.260824573,-0.355565048,-0.27476734,-0.267826018,-0.279917258,-0.292635935,-0.302797111,-0.307084098,-0.30755421,-0.302895356,-0.296958244,-0.291056257,-0.26139097,0,7,7
Granby,-0.18207286,-0.171355722,-0.180676777,-0.203414145,-0.195929009,-0.193897215,-0.190210172,-0.172455203,-0.17968138,-0.17481298,-0.174420215,-0.153800536,-0.135243565,-0.13535389,-0.131888916,-0.125079698,-0.139131551,-0.153099956,-0.187633089,-0.114928944,-0.171945044,-0.187132339,-0.15356056,-0.198523644,-0.153668353,-0.171117006,-0.184856908,-0.146340808,-0.030296428,-0.167922207,-0.119053325,0.161006714,0.571971816,-0.259676098,-0.085387183,-0.205696126,-0.153422155,-0.211159455,-0.146330656,-0.154391401,-0.144925282,-0.151943032,-0.168911818,-0.183632291,-0.19486104,-0.212811734,-0.190340668,0,4,4
Grand Falls-Windsor,-0.297064802,-0.289766416,-0.283990862,-0.280035782,-0.277237234,-0.280851415,-0.284680012,-0.281073581,-0.276102727,-0.296794955,-0.272546998,-0.286625795,-0.298185063,-0.306144647,-0.305985794,-0.302777319,-0.288061481,-0.300001432,-0.30422909,-0.284366526,-0.278973575,-0.203988474,-0.33517683,-0.220499898,-0.294061003,-0.282132428,-0.269572084,-0.317573929,-0.239660273,-0.176693303,-0.214134478,-0.644182176,-0.247242154,-0.261463357,-0.259874551,-0.355616497,-0.270511023,-0.272173251,-0.274554512,-0.289806598,-0.299397077,-0.306524022,-0.309542933,-0.307752223,-0.303199995,-0.292744988,-0.257547605,0,7,7
Grande Prairie,-0.167503036,-0.190449943,-0.200607447,-0.199920757,-0.179167646,-0.170593079,-0.172391642,-0.192274459,-0.201439167,-0.18080068,-0.219830547,-0.234541731,-0.252963948,-0.27027416,-0.288611207,-0.289614532,-0.281193353,-0.273401282,-0.204964927,-0.203281272,-0.222817609,-0.168129633,-0.229787173,-0.18580055,-0.220854981,-0.214392499,-0.19387421,-0.254434642,-0.178461611,-0.173994504,-0.19563924,0.180887921,-0.272578669,-0.237111959,-0.172155856,-0.23903463,-0.240556189,-0.17237756,-0.225084688,-0.22488904,-0.236082939,-0.230241664,-0.221897077,-0.214572332,-0.202440309,-0.183258946,-0.20934974,0,4,4
Greater Sudbury / Grand Sudbury,-0.071624196,-0.061033552,-0.058516684,-0.047143267,-0.061317568,-0.077479195,-0.079397894,-0.06937293,-0.054516853,-0.057565466,-0.050441016,-0.020539427,-0.020554088,-0.022723511,-0.025886381,-0.020536795,-0.003576397,-0.015637242,-0.043613769,-0.002926751,-0.060387884,-0.166137,0.030679734,-0.087100183,-0.044068951,-0.04894572,-0.070420231,-0.009682105,-0.0653527,-0.095898017,-0.019543736,-0.062656867,-0.052995543,-0.154451252,-0.074620267,0.067031358,-0.047415772,-0.020071871,-0.074747037,-0.055128839,-0.031529568,-0.022789495,-0.023450949,-0.033069417,-0.049963262,-0.035776464,-0.080648974,0,1,1
Guelph,-0.052667759,-0.062094342,-0.038043683,-0.022689553,-0.039559028,-0.049555296,-0.057678265,-0.065940545,-0.051883016,-0.056729973,-0.052913856,-0.061182431,-0.078626244,-0.091364568,-0.086434186,-0.082300641,-0.071896195,-0.052019383,-0.049616137,-0.071772721,-0.06005617,-0.060202476,-0.048300805,-0.119679015,-0.056848935,-0.064165576,-0.041114001,-0.06626552,-0.127974587,-0.066885931,-0.059399671,-0.584538555,-0.179678116,0.113637528,-0.118637952,-0.043068022,-0.060505954,-0.032541565,-0.079145693,-0.073755306,-0.063048798,-0.03365497,-0.030269427,-0.04638083,-0.045950708,-0.039153925,-0.066729763,0,1,1
Halifax,0.344790766,0.331723979,0.328978926,0.481289849,0.463698285,0.41950461,0.381248009,0.363771916,0.378806635,0.357535294,0.382081159,0.434487875,0.44208338,0.445068979,0.448843515,0.406747514,0.328624102,0.242813254,0.421682303,0.305286458,0.430189593,0.014020963,0.650430152,0.432618939,0.42569839,0.395468049,0.302848597,0.585731512,0.370678407,0.301078405,0.096637618,4.122337238,0.082132535,0.051530294,0.5308604,0.6269433,0.379741767,0.263413481,0.395487444,0.466805186,0.486562033,0.466828989,0.464922558,0.467727524,0.51781311,0.465495104,0.357494553,4,6,46
Hamilton,0.909253936,0.861721228,0.904392281,0.812346559,0.777479325,0.805408787,0.81532427,0.797138206,0.833200821,0.87178122,0.871029043,0.927978932,0.940606773,0.948289112,0.996406279,1.037295625,1.071466348,1.161805554,0.994683369,0.967291456,0.805099531,0.551056918,1.088369448,0.331219734,0.880349863,0.860805348,0.87503198,0.944977663,0.13584633,0.660693333,0.179214948,-0.490102821,0.656426864,1.670786526,0.35700638,1.345418929,0.87708838,0.8894913,0.823422514,0.887197461,0.902376949,0.910297206,0.948892463,0.951615374,0.916170541,0.955227011,0.766657036,4,5,45
Hawkesbury,-0.300668091,-0.294937767,-0.289007425,-0.284810079,-0.276924911,-0.28341795,-0.28900285,-0.287716907,-0.281370402,-0.300972419,-0.277942285,-0.288260232,-0.30085226,-0.304078035,-0.305459292,-0.295689664,-0.293845168,-0.291763966,-0.303028616,-0.279649302,-0.285055014,-0.202543173,-0.34107439,-0.223005962,-0.299241875,-0.279607521,-0.276453709,-0.323973708,-0.221233258,-0.176693303,-0.205017107,-0.644182176,-0.22190564,-0.271516686,-0.236440675,-0.37316037,-0.270832254,-0.278427165,-0.27322889,-0.291850008,-0.303256575,-0.308316265,-0.311105501,-0.307392455,-0.304760432,-0.303158827,-0.265442083,0,7,7
Hawkesbury (Ontario part),-0.303644722,-0.297589743,-0.291447915,-0.286673219,-0.279111175,-0.285779162,-0.290795247,-0.290042071,-0.283431666,-0.30333965,-0.280302723,-0.290766369,-0.304489347,-0.308358875,-0.310022315,-0.301764797,-0.297459972,-0.294338175,-0.306930155,-0.284366526,-0.287175105,-0.202705663,-0.345659937,-0.223005962,-0.30211681,-0.282625338,-0.278233439,-0.327797966,-0.225053493,-0.176693303,-0.211008522,-0.649152478,-0.230351145,-0.273750759,-0.240240763,-0.377584924,-0.274044569,-0.279075437,-0.277085246,-0.29570105,-0.307116072,-0.311452691,-0.313804482,-0.309730946,-0.30654379,-0.305129013,-0.267519578,0,7,7
Hawkesbury (Quebec part),-0.311321296,-0.307269452,-0.301345459,-0.293776441,-0.287856234,-0.292349491,-0.298913749,-0.297571174,-0.294425074,-0.311973077,-0.292442118,-0.307764515,-0.323159727,-0.3338963,-0.333363933,-0.329102892,-0.320956198,-0.32025187,-0.325087319,-0.310120018,-0.295333368,-0.204894993,-0.365002375,-0.224355381,-0.314499992,-0.298217392,-0.28464047,-0.346450982,-0.243330695,-0.176693303,-0.247478006,-0.644182176,-0.272578669,-0.283357274,-0.279825012,-0.391887554,-0.293398765,-0.283384536,-0.29594524,-0.312284106,-0.322278384,-0.324782501,-0.325168612,-0.320523984,-0.313677219,-0.311602481,-0.276245053,0,7,7
High River,-0.292991518,-0.284197268,-0.278160802,-0.281316691,-0.277029019,-0.279824801,-0.28236044,-0.278305529,-0.27690433,-0.291921246,-0.276705865,-0.290330519,-0.302549568,-0.310130257,-0.303353281,-0.297967839,-0.290591844,-0.295539472,-0.298901988,-0.291569854,-0.279430284,-0.193255623,-0.340204045,-0.218572156,-0.294323041,-0.282454329,-0.268326273,-0.319290943,-0.236214571,-0.176693303,-0.247738502,-0.375785879,-0.272578669,-0.252973879,-0.21775691,-0.366317745,-0.277578115,-0.269885234,-0.276663457,-0.293421862,-0.302889004,-0.304171703,-0.29974137,-0.299837328,-0.293614449,-0.293026443,-0.260144473,0,7,7
Ingersoll,-0.289388228,-0.285523255,-0.282499451,-0.278289088,-0.272760597,-0.276436975,-0.280146303,-0.281737914,-0.276675301,-0.292199743,-0.274907436,-0.287715419,-0.302307095,-0.316034864,-0.316691348,-0.314674453,-0.30505106,-0.301545957,-0.300440095,-0.288255048,-0.281877282,-0.201234706,-0.337164333,-0.223198736,-0.29495942,-0.283520624,-0.266724515,-0.323817616,-0.237712702,-0.175596916,-0.249040983,-0.649152478,-0.264133164,-0.268388984,-0.257657833,-0.356182428,-0.278059962,-0.270914841,-0.28220697,-0.29483653,-0.300499791,-0.300587216,-0.302440351,-0.296599417,-0.293837369,-0.293026443,-0.262637466,0,7,7
Joliette,-0.239568831,-0.238052899,-0.240468787,-0.239745377,-0.230701028,-0.23403782,-0.238604878,-0.233352357,-0.234877448,-0.243184155,-0.231969943,-0.230728044,-0.223382307,-0.216099391,-0.207705298,-0.179249628,-0.174556632,-0.174208462,-0.252121031,-0.189065855,-0.225250185,-0.196334369,-0.245609261,-0.212017835,-0.229846639,-0.21487535,-0.234689364,-0.23890347,-0.100109345,-0.17315113,-0.152917846,-0.594479158,-0.002322514,-0.262580393,-0.237074023,-0.281479484,-0.206345038,-0.249178676,-0.202368337,-0.221509555,-0.223034161,-0.234498242,-0.245903802,-0.249110052,-0.24078249,-0.258970373,-0.228047188,0,7,7
Kamloops,-0.155753178,-0.148681334,-0.143933841,-0.134128622,-0.13023696,-0.135790867,-0.136121971,-0.151196561,-0.144639893,-0.151697675,-0.13440517,-0.135712765,-0.120695217,-0.120887603,-0.113636824,-0.115207608,-0.106959795,-0.115173289,-0.093095791,-0.155025347,-0.144297329,-0.163545722,-0.117668582,-0.118329596,-0.131881738,-0.135094332,-0.148550404,-0.108098224,-0.136963374,-0.162271597,-0.041685922,1.527839705,-0.137450591,-0.097258979,-0.070503505,-0.139070566,-0.132461802,-0.122765717,-0.136810275,-0.133407154,-0.139411714,-0.133012461,-0.13766046,-0.141899212,-0.133112295,-0.1340043,-0.12687322,0,3,3
Kawartha Lakes,-0.207765882,-0.214185122,-0.210911739,-0.210633813,-0.205611038,-0.207037874,-0.21171893,-0.213533102,-0.205905239,-0.215891385,-0.186672013,-0.162844421,-0.149913149,-0.131515895,-0.129080902,-0.121789001,-0.136601188,-0.144519262,-0.161035095,-0.166180944,-0.198049564,-0.183420739,-0.185321649,-0.216837189,-0.17798551,-0.195450669,-0.18924691,-0.152740587,-0.213817509,-0.164380034,-0.209445545,-0.420518596,-0.145896096,-0.256548396,-0.248157613,-0.114375378,-0.156875393,-0.199147363,-0.168504706,-0.180877136,-0.183795936,-0.188908051,-0.198884712,-0.199102311,-0.204223666,-0.20267935,-0.179329949,0,7,7
Kelowna,-0.032614668,-0.01528698,-0.003334489,0.02109424,0.010412736,0.007319116,0.010749107,-0.007922166,-0.001725593,-0.02136077,0.011379981,0.041024372,0.085527617,0.106292152,0.122411868,0.123747598,0.138485405,0.124914522,0.10697064,-0.025429183,0.028987645,-0.084019998,0.104957813,-0.058955156,0.053087374,0.015504789,-0.022308181,0.164360675,0.073449163,-0.133090836,0.218028898,3.560693136,0.014568496,-0.019513233,0.008348318,0.080510815,0.040039494,0.014820394,0.047632029,0.070069309,0.064774085,0.063126172,0.048995383,0.043561149,0.031179494,0.016292733,0.009514274,4,3,43
Kenora,-0.292364858,-0.288042632,-0.283448531,-0.277357518,-0.270157901,-0.274281086,-0.281833264,-0.279634194,-0.276446271,-0.292756739,-0.274795034,-0.284991358,-0.296245283,-0.307768414,-0.308267306,-0.309611843,-0.297459972,-0.293136877,-0.300139976,-0.28857378,-0.27803612,-0.20261159,-0.333605013,-0.219921575,-0.293349756,-0.279084433,-0.268444921,-0.31913485,-0.236364384,-0.173994504,-0.240444605,-0.559687046,-0.255687659,-0.281793423,-0.272224836,-0.344606559,-0.276614421,-0.263593186,-0.281724925,-0.294207789,-0.30178629,-0.296890714,-0.296474183,-0.291202898,-0.28692686,-0.28739734,-0.262741341,0,7,7
Kentville,-0.279831677,-0.272528577,-0.265280437,-0.26175372,-0.260892303,-0.26350164,-0.269813664,-0.2641331,-0.259269072,-0.276882372,-0.252651877,-0.2630899,-0.272119273,-0.279721531,-0.276852647,-0.275945484,-0.273240784,-0.275632262,-0.282845653,-0.263202765,-0.259488931,-0.199421667,-0.305091479,-0.210090093,-0.272970661,-0.262466322,-0.25480032,-0.288774922,-0.219585314,-0.176524628,-0.224293834,-0.256498637,-0.230351145,-0.281123201,-0.229473848,-0.312297021,-0.247462665,-0.266148139,-0.250151006,-0.265285681,-0.274494129,-0.283224858,-0.289797756,-0.286166147,-0.28046219,-0.282894059,-0.238642408,0,7,7
Kingston,-0.074914156,-0.07628241,-0.053500121,-0.021990876,-0.03706044,-0.054893689,-0.072122873,-0.076016256,-0.07776333,-0.081237767,-0.056623116,-0.033179074,-0.032314003,-0.01357137,0.002895765,0.011104519,0.013413183,0.003068671,-0.015665243,-0.09962984,-0.046253946,-0.127994756,0.005712531,-0.096353342,-0.045364169,-0.036934809,-0.07831037,0.002571131,-0.098386494,-0.010042483,-0.128431193,-0.336023465,-0.036104533,-0.079833208,0.006764948,0.032458095,-0.032076969,-0.058548696,-0.058899821,-0.036816744,-0.040075598,-0.035559228,-0.020183761,-0.02047754,-0.036365163,-0.029021541,-0.064029021,0,1,1
Kitchener - Cambridge - Waterloo,0.648720422,0.607396804,0.638243267,0.680180057,0.654527962,0.590230507,0.56027679,0.526422677,0.535691725,0.6124999,0.524381854,0.515882846,0.48778944,0.480644237,0.478678666,0.479395971,0.475746629,0.470373252,0.653523771,0.637277024,0.487186865,0.372643578,0.667655184,0.633489609,0.563433222,0.522890336,0.572359131,0.594316582,0.187906392,0.307150702,0.071890469,-0.400637388,0.225706117,0.8578073,0.53402714,0.797803133,0.540839346,0.485770636,0.497921916,0.556636625,0.593341466,0.638324276,0.628708088,0.598323278,0.538767558,0.543739627,0.509878753,4,2,42
Lachute,-0.293148182,-0.291622798,-0.286024604,-0.28166603,-0.274634538,-0.278592865,-0.285312622,-0.282845135,-0.280912343,-0.296377208,-0.276930668,-0.28466447,-0.298063827,-0.305111341,-0.305634793,-0.291892707,-0.28733852,-0.283354887,-0.306667552,-0.271362287,-0.28083887,-0.203843089,-0.335748399,-0.223777058,-0.295221458,-0.276740595,-0.273190869,-0.322022556,-0.213293163,-0.176693303,-0.218041923,-0.644182176,-0.179678116,-0.280452979,-0.27095814,-0.363076501,-0.269547329,-0.277817027,-0.270878922,-0.288470523,-0.300499791,-0.304059687,-0.3067019,-0.307752223,-0.301193718,-0.301470096,-0.264299462,0,7,7
Lacombe,-0.290641546,-0.28393207,-0.279923378,-0.278056196,-0.27505097,-0.277155605,-0.280989784,-0.281073581,-0.278393021,-0.289136269,-0.278167088,-0.290984294,-0.3066716,-0.315739634,-0.315813844,-0.312649409,-0.301797737,-0.29725561,-0.305392048,-0.291761093,-0.28055523,-0.198480939,-0.339957231,-0.220499898,-0.296756254,-0.283943118,-0.267911002,-0.325378538,-0.23666401,-0.176693303,-0.247478006,-0.286320447,-0.255687659,-0.274197574,-0.254174419,-0.362459122,-0.27926458,-0.267063346,-0.280640325,-0.297194311,-0.307483644,-0.307644174,-0.305565487,-0.300197096,-0.294951967,-0.291337712,-0.261079346,0,7,7
Ladysmith,-0.295341489,-0.288838224,-0.283855279,-0.282364707,-0.276716695,-0.27972214,-0.28236044,-0.28207008,-0.279194623,-0.293035236,-0.272996605,-0.284010695,-0.292729433,-0.293302127,-0.290892718,-0.292398968,-0.288422961,-0.291077511,-0.298939503,-0.289020004,-0.275718923,-0.199011167,-0.334683201,-0.221270994,-0.289606351,-0.281428271,-0.268919516,-0.30875472,-0.241158404,-0.176693303,-0.242268079,-0.326082862,-0.213460135,-0.274197574,-0.265574682,-0.3448638,-0.271555025,-0.267826018,-0.275096812,-0.288549115,-0.298202471,-0.301707368,-0.302298299,-0.299117793,-0.292276932,-0.291619167,-0.253392617,0,7,7
Lethbridge,-0.080710753,-0.095376632,-0.10353017,-0.080214004,-0.104522322,-0.113410683,-0.120306708,-0.128830697,-0.137998043,-0.091263683,-0.147668584,-0.152492986,-0.143487629,-0.140963266,-0.145577985,-0.142545703,-0.136962669,-0.130446924,-0.097747627,-0.11193287,-0.143667552,-0.134143696,-0.106224197,-0.157462749,-0.130122338,-0.130225587,-0.125651204,-0.123317212,-0.162806139,-0.162777622,-0.091440717,0.638155685,-0.247242154,-0.163834359,-0.109137732,-0.063904587,-0.144588289,-0.144463748,-0.10722479,-0.123111512,-0.131325148,-0.130324096,-0.123881451,-0.119233834,-0.133558134,-0.127812288,-0.136429693,0,4,4
Lloydminster,-0.234398893,-0.235268325,-0.23626572,-0.24556769,-0.24267343,-0.236296371,-0.234809215,-0.236341854,-0.242091872,-0.236500212,-0.248717813,-0.264942262,-0.28121199,-0.294187818,-0.300896269,-0.301005405,-0.290953324,-0.287130392,-0.260561862,-0.251409705,-0.254912227,-0.18425029,-0.288983606,-0.213945577,-0.263043152,-0.254288038,-0.231011255,-0.295877116,-0.211345592,-0.174922216,-0.247478006,-0.216736222,-0.272578669,-0.236665145,-0.262091269,-0.299332047,-0.259026998,-0.230607602,-0.258345763,-0.263871012,-0.269807596,-0.270119079,-0.269910528,-0.262781233,-0.259953581,-0.252778361,-0.234902919,0,7,7
Lloydminster (Alberta part),-0.273565086,-0.27106999,-0.267178596,-0.271535205,-0.267763421,-0.265349545,-0.266966917,-0.26568321,-0.266483496,-0.274654391,-0.268163327,-0.284119658,-0.300488552,-0.311754024,-0.314760839,-0.312902539,-0.301436256,-0.293480105,-0.294362697,-0.282836615,-0.272935402,-0.195718619,-0.325680979,-0.217222737,-0.287817004,-0.275573706,-0.256758024,-0.319759219,-0.223555362,-0.176018603,-0.249822472,-0.445370104,-0.281024174,-0.271069872,-0.269691444,-0.342497178,-0.276935652,-0.248416004,-0.276904479,-0.288863486,-0.298753828,-0.299467064,-0.297468544,-0.291382782,-0.285143502,-0.279235142,-0.255470111,0,7,7
Lloydminster (Saskatchewan part),-0.274975069,-0.273987163,-0.272873073,-0.269672065,-0.265056617,-0.265760191,-0.268443008,-0.27044426,-0.272094714,-0.276186128,-0.275357043,-0.291311181,-0.307399017,-0.320463319,-0.324062386,-0.323280891,-0.314088071,-0.316133137,-0.295188023,-0.283410332,-0.279435091,-0.193589153,-0.332916531,-0.220885446,-0.292571128,-0.279979719,-0.260732755,-0.326471183,-0.234866253,-0.175512579,-0.251124954,-0.420518596,-0.272578669,-0.25118662,-0.27570825,-0.353044081,-0.278702425,-0.266224406,-0.281242881,-0.291142674,-0.297375436,-0.298458927,-0.300309577,-0.294620694,-0.290493574,-0.28683443,-0.257755355,0,7,7
London,0.532788491,0.537782454,0.536420592,0.563035122,0.542299707,0.475865715,0.462960203,0.440613052,0.442133244,0.541343748,0.449297443,0.506947922,0.539314839,0.560651661,0.586260709,0.580648177,0.561778967,0.577631924,0.603704116,0.536111696,0.460481412,0.249502284,0.671227495,0.529777113,0.499413515,0.51737779,0.444693124,0.599389578,0.09007842,0.470006337,0.0203122,-0.067627169,0.124360059,0.825189832,0.23635359,0.861804829,0.555214453,0.325876355,0.507683319,0.567639601,0.596741499,0.602703439,0.568478196,0.515936425,0.426861889,0.401041881,0.44454156,4,2,42
Matane,-0.293931506,-0.285921052,-0.280736875,-0.27607661,-0.274738646,-0.277052944,-0.281095219,-0.27575892,-0.273239861,-0.29136425,-0.272996605,-0.277799834,-0.282424353,-0.287249905,-0.283697182,-0.281514356,-0.280831873,-0.284727798,-0.302953586,-0.263903974,-0.270743199,-0.204176619,-0.324083181,-0.21317448,-0.283691772,-0.272847612,-0.268266948,-0.304930462,-0.217188304,-0.176524628,-0.223512345,-0.455310708,-0.213460135,-0.281123201,-0.258291181,-0.335963243,-0.260231616,-0.273431661,-0.262684165,-0.281868737,-0.287083442,-0.292970182,-0.299031112,-0.298398257,-0.292722771,-0.295278084,-0.258170854,0,7,7
Medicine Hat,-0.196016024,-0.178648654,-0.183524015,-0.200386542,-0.206548009,-0.196669073,-0.189261256,-0.184634634,-0.192048964,-0.186649131,-0.192629309,-0.196186939,-0.189072453,-0.187462047,-0.203317776,-0.203043896,-0.196606937,-0.189996939,-0.177954271,-0.168093332,-0.205342484,-0.175595592,-0.196402307,-0.197366999,-0.196567771,-0.197512844,-0.19197583,-0.190670987,-0.16670128,-0.17281378,-0.227159294,0.518868442,-0.230351145,-0.207175379,-0.180072705,-0.17637059,-0.201125027,-0.187364074,-0.17784432,-0.189286554,-0.201347461,-0.209630865,-0.203146261,-0.207017206,-0.209350818,-0.200146253,-0.185874055,0,4,4
Midland,-0.280458336,-0.278230323,-0.269754669,-0.26548,-0.257977283,-0.260319137,-0.267810397,-0.269669205,-0.261788394,-0.280363593,-0.260182798,-0.261564425,-0.267148587,-0.269683699,-0.2673756,-0.262023306,-0.255528244,-0.238392051,-0.271441154,-0.259887959,-0.264512728,-0.19675342,-0.307195895,-0.221270994,-0.273726828,-0.255917659,-0.256520726,-0.289945613,-0.222806296,-0.167669195,-0.213092493,-0.644182176,-0.145896096,-0.261463357,-0.253541071,-0.315949851,-0.245454969,-0.262144108,-0.249126661,-0.264578346,-0.278904983,-0.280536493,-0.283689536,-0.281848932,-0.284251824,-0.282331148,-0.246225262,0,7,7
Miramichi,-0.282181648,-0.273721966,-0.26690743,-0.263500414,-0.262662136,-0.267608096,-0.27139519,-0.26623682,-0.253886883,-0.277857114,-0.250066635,-0.261128575,-0.270664438,-0.269093239,-0.267200099,-0.272148527,-0.262757852,-0.272371599,-0.272416539,-0.265688869,-0.260984051,-0.201499821,-0.301882895,-0.22011435,-0.273494737,-0.259549099,-0.254681671,-0.288228599,-0.225203306,-0.176693303,-0.243310065,0.195798826,-0.247242154,-0.283133867,-0.257024485,-0.300412462,-0.249630978,-0.268016686,-0.248825383,-0.261277454,-0.271829238,-0.279640372,-0.283973639,-0.28310812,-0.275780877,-0.278953687,-0.242797397,0,4,4
Moncton,-0.094183923,-0.073497836,-0.080752262,-0.072295659,-0.082867891,-0.083228233,-0.066851118,-0.057082777,-0.046729856,-0.07608556,-0.06617727,-0.071206978,-0.074867921,-0.055936925,-0.042383464,-0.053190631,-0.069004351,-0.076045326,-0.04909093,-0.075979974,-0.076714026,-0.144816683,-0.015929176,-0.040256063,-0.059851145,-0.074305441,-0.084836049,-0.026383968,-0.027824511,-0.154681226,-0.082323346,2.009958978,-0.044550038,-0.185504869,0.152118309,-0.025575597,-0.063557653,-0.155522499,-0.057031899,-0.016539831,-0.006442834,-0.040487898,-0.070896193,-0.088653561,-0.093878435,-0.118805724,-0.085738835,0,3,3
Moose Jaw,-0.259151927,-0.249058596,-0.249417251,-0.253369589,-0.249336332,-0.247794447,-0.250308173,-0.250625004,-0.25136756,-0.254463311,-0.252989082,-0.259603101,-0.265572516,-0.271602696,-0.275097639,-0.274932962,-0.258420087,-0.243368854,-0.257523163,-0.250772242,-0.25577757,-0.191459687,-0.290425521,-0.202379127,-0.265296681,-0.250153629,-0.244477883,-0.283858018,-0.213442976,-0.165898108,-0.23445319,-0.385726483,-0.145896096,-0.265708096,-0.256074463,-0.285646797,-0.248024821,-0.24174262,-0.248885639,-0.260019971,-0.265948098,-0.273703565,-0.272325405,-0.269796707,-0.264857813,-0.258688918,-0.236980413,0,7,7
Nanaimo,-0.168129695,-0.148946531,-0.156407458,-0.148335065,-0.146061352,-0.144517085,-0.139601329,-0.149425007,-0.14578504,-0.156571384,-0.135304384,-0.132770778,-0.117179366,-0.082802887,-0.07520213,-0.07217542,-0.078764322,-0.086857,-0.107013783,-0.146547093,-0.134783362,-0.139403221,-0.127125462,-0.151679524,-0.132300999,-0.12671486,-0.15762703,-0.097171772,-0.123180567,-0.153247489,0.07319295,0.90158168,-0.112114077,-0.196898642,-0.143971871,-0.112523239,-0.119371619,-0.161928948,-0.116323381,-0.107157197,-0.11267091,-0.126515579,-0.136666098,-0.143877936,-0.146710394,-0.155113434,-0.12884684,0,4,4
Nelson,-0.29111154,-0.281943089,-0.278974299,-0.27793975,-0.266722342,-0.267505434,-0.272449541,-0.268672706,-0.264651261,-0.289414767,-0.26771372,-0.283138995,-0.29151707,-0.295073509,-0.29528024,-0.299486622,-0.293845168,-0.290905897,-0.297889088,-0.293737227,-0.266474173,-0.19510287,-0.328759661,-0.207969578,-0.286192366,-0.271902029,-0.265063433,-0.308832767,-0.231345644,-0.176693303,-0.2125715,-0.281350146,-0.078332057,-0.273750759,-0.26304129,-0.338690003,-0.267379016,-0.26321185,-0.267444355,-0.280296883,-0.29324026,-0.294538394,-0.297468544,-0.291922434,-0.288264378,-0.284019879,-0.254431364,0,7,7
New Glasgow,-0.273408421,-0.258340509,-0.254027065,-0.256280746,-0.257040313,-0.260935105,-0.263803864,-0.254943166,-0.247359547,-0.268248945,-0.241636499,-0.24903374,-0.255509909,-0.255807873,-0.251405019,-0.257213826,-0.255889724,-0.258299261,-0.264313342,-0.242548974,-0.252643104,-0.201080769,-0.284787765,-0.218379382,-0.264091305,-0.247930504,-0.247740722,-0.276677778,-0.218012276,-0.176524628,-0.234974183,0.161006714,-0.247242154,-0.266154911,-0.239290741,-0.280810656,-0.235496793,-0.260885699,-0.236653758,-0.25357537,-0.257953425,-0.267206683,-0.276871058,-0.278071369,-0.276226716,-0.27473186,-0.229916933,0,4,4
Norfolk,-0.214972462,-0.217367492,-0.209691494,-0.221463315,-0.22049846,-0.218946595,-0.22289505,-0.223055202,-0.218272822,-0.212827911,-0.201733856,-0.192591177,-0.18240446,-0.168862535,-0.171903118,-0.172921365,-0.185039564,-0.195488583,-0.196261493,-0.163376108,-0.217039039,-0.179435473,-0.216563128,-0.214909447,-0.202729415,-0.21290371,-0.20028124,-0.193714784,-0.218761342,-0.170199319,-0.223512345,-0.519924631,-0.129005087,-0.243367364,-0.234540631,-0.161502029,-0.17879944,-0.220311524,-0.19266719,-0.2038262,-0.209250241,-0.206158394,-0.210959101,-0.213852796,-0.214255051,-0.217315016,-0.194080158,0,7,7
North Battleford,-0.275915057,-0.275180552,-0.269076755,-0.270487189,-0.267346989,-0.269045355,-0.273187587,-0.273212312,-0.271636656,-0.27827486,-0.27333381,-0.284337583,-0.295517866,-0.303487574,-0.306687798,-0.302777319,-0.290591844,-0.278378084,-0.293724945,-0.275633287,-0.275242984,-0.19526536,-0.327213825,-0.213560028,-0.290534716,-0.271992563,-0.263461676,-0.317808067,-0.229173354,-0.174163179,-0.247217509,-0.415548294,-0.22190564,-0.274644389,-0.26620803,-0.338432762,-0.271555025,-0.265385466,-0.272385312,-0.286112742,-0.293883509,-0.294314364,-0.296332131,-0.291562666,-0.287818538,-0.283738424,-0.257028232,0,7,7
North Bay,-0.216539109,-0.210870153,-0.202776771,-0.200270096,-0.202175479,-0.203650048,-0.207396091,-0.210986493,-0.200179505,-0.214498897,-0.193978131,-0.181041155,-0.184465476,-0.194252345,-0.192436721,-0.191653023,-0.17347219,-0.188967255,-0.206052856,-0.186006034,-0.197362097,-0.192528696,-0.197454514,-0.203728546,-0.202227799,-0.193851226,-0.202535565,-0.195822029,-0.182506565,-0.14160892,-0.166463654,-0.480162217,-0.162787106,-0.191536867,-0.143021849,-0.205130194,-0.173097582,-0.203608997,-0.187183933,-0.197145822,-0.202542067,-0.205598318,-0.2021519,-0.207017206,-0.213140452,-0.214219009,-0.193872408,0,7,7
Okotoks,-0.262441887,-0.238052899,-0.236130137,-0.261055042,-0.265889479,-0.261551073,-0.255579927,-0.246749731,-0.241404784,-0.252513827,-0.24916742,-0.271371048,-0.28315177,-0.293302127,-0.293349731,-0.293917751,-0.292037765,-0.292965264,-0.27305429,-0.277418183,-0.25767171,-0.189082211,-0.302246621,-0.220499898,-0.268523496,-0.267204294,-0.234689364,-0.300637927,-0.232768869,-0.176608966,-0.247478006,-0.539805838,-0.272578669,-0.256771803,-0.250691005,-0.312502814,-0.262560544,-0.220845395,-0.265998221,-0.278960808,-0.289105084,-0.288377558,-0.283831588,-0.277891485,-0.268201608,-0.258126008,-0.236564914,0,7,7
Orillia,-0.265575183,-0.268285416,-0.260263874,-0.256397192,-0.244859695,-0.248102431,-0.259059285,-0.262693713,-0.257093293,-0.271730165,-0.252089868,-0.256770076,-0.263269028,-0.269093239,-0.263865582,-0.257720087,-0.237092743,-0.220544208,-0.264726005,-0.246310004,-0.256388117,-0.193554945,-0.294335577,-0.217222737,-0.267744868,-0.244842271,-0.251359508,-0.284404341,-0.2057276,-0.16117521,-0.206059093,-0.480162217,-0.230351145,-0.229962925,-0.260507899,-0.313583229,-0.239592495,-0.257606207,-0.239365258,-0.251846331,-0.264294028,-0.268662881,-0.275024386,-0.277351833,-0.274889198,-0.276702046,-0.243005146,0,7,7
Oshawa,0.422496492,0.409426853,0.382127379,0.272967494,0.241323932,0.293231096,0.330955472,0.325129904,0.336092666,0.415741305,0.324981038,0.349061294,0.292356631,0.256712016,0.268604106,0.257906771,0.244037685,0.255341067,0.413466562,0.313254741,0.258596846,0.145226862,0.450627575,-0.074762637,0.312355583,0.278809309,0.385665393,0.253957585,-0.07928532,0.015849117,0.02942957,-0.569627649,0.048350515,0.416131035,0.210069649,0.604306044,0.296301894,0.351464016,0.249307428,0.271423769,0.302041293,0.316392562,0.325143753,0.358178193,0.342152419,0.393442593,0.270863045,4,2,42
Ottawa - Gatineau,2.009667289,2.08613819,2.024712863,1.92871683,1.823034393,1.788186305,1.849537057,1.866270782,1.920517555,2.103854861,1.907373755,2.025231071,2.043007846,2.027208427,2.025894475,1.966031483,1.815754516,1.781846484,1.796374659,1.65823726,2.006152614,1.037199489,2.528504237,1.131232477,2.009839872,1.863847194,1.799186748,2.235469754,1.067833794,1.242790478,0.621798176,0.822056851,1.146266146,4.107936945,2.454338209,2.403813533,1.621221064,2.501780873,1.471772465,1.614887136,1.749628557,1.980154479,2.337873307,2.496458813,2.604118201,2.65127556,1.570335668,2,9,29
Ottawa - Gatineau (Ontario part),1.411364528,1.484272412,1.503532624,1.471432376,1.351842295,1.300442026,1.327633367,1.315096179,1.390314661,1.477095881,1.387515372,1.458953081,1.445313214,1.446637943,1.488159761,1.445342015,1.377640257,1.379240333,1.323650656,1.016312336,1.483350717,0.845761343,1.760626337,0.924578583,1.437802715,1.349007639,1.330287063,1.619217831,0.464985771,1.124802373,0.186508845,0.553660555,0.681763379,3.73194243,1.253510443,1.707820815,1.171978863,2.033614385,1.032629859,1.129027154,1.185314877,1.351525119,1.626762844,1.786456827,1.905710909,1.999144048,1.19327047,2,9,29
Ottawa - Gatineau (Quebec part),0.284161499,0.29194435,0.217529873,0.161528426,0.181045491,0.192930915,0.22130298,0.251388987,0.233716556,0.312557922,0.225055827,0.255898376,0.270897818,0.242540959,0.199983259,0.185258313,0.113904737,0.079608459,0.143735145,0.327087681,0.225334015,-0.013568024,0.398276987,-0.017701487,0.254639769,0.213564108,0.182301512,0.266054729,0.355772001,-0.058705197,0.182080407,-0.380756181,0.183478593,0.089956352,0.91751934,0.299732058,0.152550814,0.184057412,0.139341009,0.169724834,0.238083904,0.300598417,0.383100818,0.386959627,0.382723797,0.338558845,0.098638775,4,2,42
Owen Sound,-0.270275126,-0.266031237,-0.259992708,-0.258726117,-0.254541724,-0.256931311,-0.262433208,-0.261365048,-0.258352955,-0.269502184,-0.251303055,-0.254481864,-0.259268232,-0.262745786,-0.25754755,-0.255695043,-0.246852714,-0.233930091,-0.264650975,-0.251600944,-0.256311198,-0.196317265,-0.293192438,-0.219536027,-0.26436083,-0.253292158,-0.248927209,-0.276599732,-0.205577787,-0.164295696,-0.238100138,-0.485132519,-0.230351145,-0.253197286,-0.255757789,-0.301184186,-0.238227261,-0.251886164,-0.244486982,-0.256247522,-0.266039991,-0.272135352,-0.274172077,-0.275193226,-0.277118395,-0.27360604,-0.239992779,0,7,7
Parksville,-0.292208194,-0.284197268,-0.276533808,-0.276658841,-0.272968813,-0.275923668,-0.276666945,-0.274208811,-0.267399613,-0.286769039,-0.262093629,-0.262763012,-0.253085184,-0.231598984,-0.194893734,-0.178237106,-0.182509201,-0.196175038,-0.266826833,-0.275952018,-0.248489457,-0.186037673,-0.305779961,-0.219536027,-0.257405584,-0.262033768,-0.26120735,-0.24171313,-0.22707597,-0.175512579,-0.241747087,-0.162062903,-0.23879665,-0.233314035,-0.229473848,-0.28708735,-0.241760807,-0.251924297,-0.241353692,-0.253968334,-0.263650779,-0.269895048,-0.273745922,-0.271775431,-0.272882921,-0.27416895,-0.244043893,0,7,7
Pembroke,-0.277481705,-0.27756733,-0.271381662,-0.266644463,-0.259434793,-0.265349545,-0.270235404,-0.272437258,-0.267399613,-0.281477583,-0.263779656,-0.268973874,-0.280969518,-0.289168902,-0.288435706,-0.282020617,-0.26998746,-0.261216697,-0.280444706,-0.270023616,-0.268661568,-0.201499821,-0.312288061,-0.222427639,-0.280157998,-0.265001288,-0.258715727,-0.300950112,-0.219585314,-0.176693303,-0.240444605,-0.644182176,-0.23879665,-0.271740093,-0.245940895,-0.321712061,-0.254850989,-0.261991574,-0.262322631,-0.275659915,-0.286440193,-0.285353147,-0.28582031,-0.284547192,-0.282245547,-0.281486783,-0.251626747,0,7,7
Penticton,-0.264008535,-0.255688534,-0.249417251,-0.251739342,-0.246629528,-0.243995975,-0.244192937,-0.243870956,-0.238427403,-0.262678991,-0.231520336,-0.228439832,-0.216714314,-0.216837466,-0.21191732,-0.198487547,-0.183593642,-0.169746501,-0.228936885,-0.236301839,-0.232543105,-0.182283313,-0.266666408,-0.208740674,-0.238583745,-0.228938376,-0.241393016,-0.227508741,-0.169023384,-0.156283638,-0.203975122,0.563601158,-0.052995543,-0.197568864,-0.237707371,-0.287961971,-0.217427524,-0.237662322,-0.211768206,-0.224574669,-0.234520761,-0.241891246,-0.246329957,-0.253427267,-0.251036795,-0.257000188,-0.220256584,0,4,4
Petawawa,-0.270275126,-0.281014897,-0.278838716,-0.263966199,-0.248087038,-0.252722194,-0.266966917,-0.274983866,-0.275415639,-0.273401151,-0.275357043,-0.290221556,-0.309338797,-0.321349011,-0.320201366,-0.321002716,-0.309388825,-0.31184279,-0.292974649,-0.294438436,-0.276468887,-0.200901176,-0.327707453,-0.220499898,-0.287846951,-0.279496868,-0.25847843,-0.319759219,-0.237562889,-0.176693303,-0.250864458,-0.644182176,-0.255687659,-0.248058918,-0.254491093,-0.347281871,-0.277819039,-0.264088923,-0.285099237,-0.297901645,-0.305186324,-0.299355049,-0.28141671,-0.2676381,-0.268424528,-0.278672232,-0.261494844,0,7,7
Peterborough,-0.135230093,-0.135288859,-0.129968814,-0.110024246,-0.122845303,-0.132813686,-0.136227407,-0.149867895,-0.141318968,-0.129417862,-0.130246303,-0.109234883,-0.085294237,-0.065089066,-0.048174993,-0.043571672,-0.045146644,-0.019755975,-0.088293897,-0.114418974,-0.120385012,-0.163904909,-0.074982718,-0.162089329,-0.112902676,-0.108909741,-0.129151341,-0.084372213,-0.145427816,-0.133006499,-0.110196451,-0.475191915,-0.112114077,-0.142834072,-0.227890478,-0.016572143,-0.076487219,-0.140841054,-0.090172463,-0.093167699,-0.096405884,-0.113521815,-0.126154278,-0.129487219,-0.141360322,-0.141603589,-0.121056236,0,1,1
Port Alberni,-0.282808307,-0.274650157,-0.269890252,-0.271418759,-0.264223754,-0.265760191,-0.270129969,-0.26889415,-0.263849658,-0.278831856,-0.258721575,-0.265269149,-0.270906911,-0.272488388,-0.271763122,-0.267085916,-0.266372656,-0.271685143,-0.276543167,-0.253577078,-0.266012657,-0.196428442,-0.310092714,-0.220307124,-0.275703346,-0.262224896,-0.260080187,-0.289633429,-0.227450503,-0.174331854,-0.230545746,-0.157092601,-0.247242154,-0.262580393,-0.263991312,-0.308849984,-0.248908207,-0.265156664,-0.254429151,-0.264342568,-0.27881309,-0.284008965,-0.286246465,-0.285986264,-0.280685109,-0.283738424,-0.244251642,0,7,7
Port Hope,-0.292678188,-0.288838224,-0.28195712,-0.278405535,-0.270886656,-0.273767779,-0.280146303,-0.280409249,-0.276102727,-0.293870729,-0.270973372,-0.278017759,-0.291274598,-0.296549661,-0.290366216,-0.28860201,-0.285531118,-0.280609065,-0.292299383,-0.288510033,-0.27422861,-0.199028272,-0.330240546,-0.223777058,-0.287480097,-0.276971961,-0.264707487,-0.309613227,-0.235540412,-0.169102932,-0.248519991,-0.644182176,-0.255687659,-0.266601725,-0.26620803,-0.341879798,-0.268583634,-0.260351828,-0.274554512,-0.287763189,-0.295445687,-0.295770562,-0.296900338,-0.291922434,-0.289156056,-0.286552975,-0.258066979,0,7,7
Portage la Prairie,-0.290171552,-0.288175231,-0.28195712,-0.27700818,-0.27359346,-0.275821007,-0.283414791,-0.284063078,-0.280454285,-0.289414767,-0.277942285,-0.290875331,-0.304368111,-0.315444404,-0.31511184,-0.310371234,-0.299628854,-0.294509788,-0.304491693,-0.285960183,-0.282718588,-0.199712437,-0.33993125,-0.215680544,-0.299361664,-0.280090372,-0.272004382,-0.327641874,-0.235165879,-0.172392093,-0.251124954,-0.569627649,-0.272578669,-0.270176242,-0.274441554,-0.355359255,-0.27814027,-0.274804471,-0.279314702,-0.293107491,-0.303256575,-0.303499611,-0.305281384,-0.304334427,-0.297181164,-0.296685359,-0.262325842,0,7,7
Powell River,-0.294558165,-0.288307829,-0.281279206,-0.281083799,-0.275675617,-0.277771574,-0.280040868,-0.27941275,-0.275759183,-0.292338992,-0.270411363,-0.278998421,-0.284970314,-0.287249905,-0.285101189,-0.28379253,-0.276132627,-0.276490332,-0.29383749,-0.283410332,-0.272195053,-0.196556723,-0.330396429,-0.220499898,-0.286716443,-0.275694419,-0.268029651,-0.304150001,-0.232843776,-0.176355953,-0.236537161,-0.311171956,-0.230351145,-0.280899793,-0.267158052,-0.332876344,-0.264568241,-0.2698471,-0.267384099,-0.278803622,-0.292045653,-0.295658547,-0.300167525,-0.30037698,-0.294729048,-0.292744988,-0.253600366,0,7,7
Prince Albert,-0.220455729,-0.220682461,-0.219182289,-0.224840256,-0.223101156,-0.23034201,-0.237023351,-0.239109906,-0.239229006,-0.227309789,-0.23860165,-0.248815815,-0.260480595,-0.270717005,-0.27141212,-0.271642266,-0.250106038,-0.258470875,-0.242179609,-0.227568601,-0.249643248,-0.188261212,-0.26796543,-0.204499643,-0.258341435,-0.227379171,-0.235519905,-0.281438589,-0.199959794,-0.166151121,-0.237058153,-0.390696785,-0.255687659,-0.26369743,-0.252591049,-0.27551148,-0.239913726,-0.239454603,-0.238883214,-0.248231068,-0.256575033,-0.256677253,-0.263234101,-0.259543322,-0.252374313,-0.242083066,-0.222022455,0,7,7
Prince George,-0.17517961,-0.163134599,-0.162101935,-0.159863245,-0.154910519,-0.164125411,-0.168174238,-0.176773365,-0.167657341,-0.171331759,-0.163629641,-0.171452457,-0.176948829,-0.188347738,-0.19612224,-0.198993808,-0.209981712,-0.238735279,-0.14520385,-0.154515377,-0.186405891,-0.171883993,-0.167771861,-0.157655523,-0.17777588,-0.170010473,-0.174356498,-0.177793382,-0.176064601,-0.166994495,-0.122700274,2.188889843,-0.213460135,-0.20293064,-0.200973189,-0.160267269,-0.180084366,-0.150298193,-0.185195499,-0.180484173,-0.183152687,-0.1774825,-0.175872348,-0.1622261,-0.158079297,-0.145262505,-0.162190622,0,3,3
Prince Rupert,-0.291268205,-0.28711444,-0.282906199,-0.276542395,-0.270053793,-0.273459795,-0.283520226,-0.282512968,-0.277133359,-0.293174485,-0.274233025,-0.290003631,-0.302307095,-0.314853943,-0.31704235,-0.315433845,-0.307581423,-0.308582126,-0.301565539,-0.28105172,-0.282915694,-0.198788814,-0.340035172,-0.212981706,-0.296928451,-0.280553104,-0.269334787,-0.328032105,-0.233517935,-0.175681254,-0.220125893,-0.549746442,-0.255687659,-0.271740093,-0.268741422,-0.362870708,-0.277658423,-0.258407013,-0.281604414,-0.296958533,-0.30702418,-0.30820425,-0.30755421,-0.304154543,-0.294060289,-0.289930437,-0.257443731,0,7,7
Quesnel,-0.282494978,-0.271467787,-0.270703748,-0.271302313,-0.265056617,-0.268840032,-0.272133236,-0.271440759,-0.264193202,-0.280920588,-0.25905878,-0.269191798,-0.278423557,-0.285035677,-0.28527669,-0.290120793,-0.283723716,-0.291420739,-0.278869084,-0.255999436,-0.272348892,-0.198925647,-0.314652282,-0.220499898,-0.278855293,-0.269155816,-0.25984289,-0.296969761,-0.231120925,-0.176693303,-0.242528576,0.508927839,-0.213460135,-0.272186908,-0.270008118,-0.322483786,-0.256617762,-0.256843535,-0.261539309,-0.27550273,-0.289380762,-0.295994592,-0.296190079,-0.287425335,-0.282245547,-0.279516597,-0.243420645,0,4,4
Qubec,0.962049964,0.922186263,0.78182544,0.765069379,0.849105521,0.812800408,0.870045081,0.987912381,0.835949173,0.978306575,0.794371007,0.956527101,1.126825628,1.27968518,1.356007594,1.469136283,1.241723622,1.150822266,0.702368042,0.77178165,1.134290504,0.027327988,1.570761278,0.369196242,1.203338306,0.909341902,0.729568666,1.40927385,1.930083248,0.276536205,0.936738213,2.149127428,1.957034611,0.133520779,1.148058004,1.217209744,0.784091871,0.623471148,0.83722104,1.028192739,1.304683623,1.427919493,1.357148849,1.26767149,1.236951931,1.08216327,0.468328869,4,0,40
Red Deer,-0.144786644,-0.134625865,-0.136341205,-0.154273824,-0.15532695,-0.140718613,-0.13401327,-0.133481025,-0.147159216,-0.137355045,-0.15924597,-0.168728395,-0.166764986,-0.180671749,-0.202264771,-0.21013155,-0.194799535,-0.204755732,-0.136312842,-0.149543168,-0.171286422,-0.134237769,-0.16002969,-0.191969323,-0.170880528,-0.149911812,-0.155016759,-0.180290857,-0.119809771,-0.166741483,-0.176102017,0.389640596,-0.230351145,-0.103514384,-0.075886963,-0.174878589,-0.184420991,-0.153043813,-0.147535767,-0.156356218,-0.16027138,-0.165048811,-0.168343612,-0.169781226,-0.169671119,-0.15708362,-0.165099113,0,4,4
Regina,0.152093097,0.115587998,0.086963648,0.076522658,0.054033923,0.094375977,0.115129845,0.096599494,0.052325329,0.142813599,0.020034921,0.030563975,0.037154359,0.037651096,-0.002369262,-0.017246098,0.004737653,0.045800525,0.137657747,0.025695324,0.0325019,0.000286334,0.131159088,0.012949604,0.054914156,0.048207864,0.061517129,0.067193293,0.032475272,-0.102560676,-0.137548563,-0.157092601,-0.20501463,-0.008789682,-0.11135445,0.277660733,-0.013686468,0.078923014,0.003163418,0.035095564,0.065693013,0.090233853,0.110929894,0.126847422,0.128818305,0.141258806,0.018759123,0,1,1
Rimouski,-0.240508819,-0.235533522,-0.235858972,-0.228682983,-0.226016175,-0.232087253,-0.234387474,-0.225823254,-0.229495259,-0.237753451,-0.230621121,-0.22615162,-0.214653298,-0.20296164,-0.204721783,-0.208612767,-0.218295761,-0.22329003,-0.260186714,-0.232094586,-0.206794338,-0.200088729,-0.237607285,-0.205656288,-0.217590732,-0.221806269,-0.226502604,-0.22672828,-0.136813561,-0.168428232,-0.190950307,-0.430459199,-0.061441048,-0.257218618,-0.138905087,-0.259305263,-0.209637661,-0.241666353,-0.212852807,-0.217186957,-0.21412056,-0.220384325,-0.232550949,-0.238856666,-0.233871981,-0.240957246,-0.226489067,0,7,7
Rivire-du-Loup,-0.272311768,-0.263777058,-0.261619702,-0.26268529,-0.25766496,-0.25980583,-0.263909299,-0.257932663,-0.25652072,-0.270198428,-0.259845593,-0.264288487,-0.269209603,-0.266731396,-0.268077603,-0.261263914,-0.262757852,-0.253494072,-0.292524472,-0.258931765,-0.249450949,-0.20302209,-0.297362298,-0.209511771,-0.261523329,-0.258613575,-0.251715454,-0.283311695,-0.182431658,-0.175934266,-0.217781426,-0.509984028,-0.086777562,-0.277325276,-0.231373892,-0.319859922,-0.249791594,-0.263516919,-0.25268174,-0.262377751,-0.2633751,-0.264854364,-0.272183354,-0.280589745,-0.276003796,-0.279516597,-0.251418997,0,7,7
Rouyn-Noranda,-0.241918802,-0.244815436,-0.245756515,-0.242540087,-0.231637999,-0.236809678,-0.242400541,-0.243649512,-0.242435416,-0.243323404,-0.238489248,-0.241188442,-0.247144609,-0.256250718,-0.261759571,-0.261010784,-0.260227489,-0.251091478,-0.278006244,-0.220938989,-0.233269032,-0.201833351,-0.265393366,-0.207969578,-0.239115309,-0.243021522,-0.235045311,-0.260990514,-0.162356699,-0.175765591,-0.165682165,-0.420518596,-0.044550038,-0.280676386,-0.212690126,-0.290328593,-0.235175562,-0.226832374,-0.238642191,-0.252710851,-0.250602001,-0.251636569,-0.253716642,-0.255226107,-0.244349205,-0.247430714,-0.236149415,0,7,7
Saguenay,-0.076950798,-0.085696922,-0.092276799,-0.111538048,-0.101711411,-0.103452528,-0.09299902,-0.072251705,-0.098490484,-0.076642556,-0.105180699,-0.046581459,0.017150381,0.036322559,0.022902866,0.032873744,0.020642791,-0.01821145,-0.130648107,-0.033779944,-0.022077218,-0.196616587,0.030978509,-0.16073991,-0.013245757,-0.079506145,-0.099073894,0.034491982,0.020640035,-0.158982437,0.232616691,-0.206795619,0.124360059,-0.211420118,0.081183335,-0.000468823,-0.03432559,-0.127837489,-0.048535863,-0.047976905,-0.008096904,-0.000498468,-0.034388924,-0.0758818,-0.079388657,-0.12190173,-0.100281294,0,1,1
Saint John,-0.13021682,-0.111951477,-0.10936023,-0.125860937,-0.13117393,-0.135380221,-0.134751315,-0.118865708,-0.099292086,-0.122873167,-0.099560608,-0.080468789,-0.083960638,-0.076750665,-0.079063149,-0.094197775,-0.109490157,-0.13868439,-0.071262177,-0.118307497,-0.121293623,-0.168865111,-0.06274593,-0.154378363,-0.111075895,-0.110116868,-0.120074715,-0.085308766,-0.078311535,-0.140343858,-0.052105774,1.100393751,-0.061441048,-0.181706945,-0.202873233,-0.055724306,-0.103952509,-0.149344852,-0.092642941,-0.08617295,-0.078303003,-0.110721435,-0.123455297,-0.132545247,-0.127762223,-0.144136685,-0.103916909,0,4,4
Saint-Georges,-0.266045177,-0.252638763,-0.252400072,-0.256979423,-0.255270479,-0.257547279,-0.255790797,-0.245531788,-0.250107899,-0.256552043,-0.247931001,-0.252847427,-0.260480595,-0.264369553,-0.262637076,-0.25392313,-0.262396372,-0.26447736,-0.28055725,-0.232604556,-0.247648151,-0.20236358,-0.284359088,-0.202571901,-0.257547833,-0.249338818,-0.246020316,-0.279097206,-0.189173249,-0.171380043,-0.216739441,-0.604419762,-0.078332057,-0.275314611,-0.172789204,-0.302367497,-0.235978641,-0.262830513,-0.240871648,-0.257505005,-0.253266892,-0.255557101,-0.264654617,-0.269257055,-0.267532849,-0.278109322,-0.247887257,0,7,7
Saint-Hyacinthe,-0.228758961,-0.221743251,-0.224334435,-0.221579761,-0.217895764,-0.226235554,-0.228588544,-0.214640323,-0.221593747,-0.22953777,-0.217245306,-0.218742172,-0.21877533,-0.21152332,-0.206476792,-0.184059107,-0.183593642,-0.16082258,-0.240641502,-0.168539556,-0.216178504,-0.186217267,-0.234723456,-0.171728037,-0.218144756,-0.204836079,-0.223358413,-0.22813311,-0.053966902,-0.174247517,-0.13285963,-0.554716744,0.065241525,-0.256771803,-0.184189467,-0.292335077,-0.199037022,-0.24700506,-0.192365912,-0.207441464,-0.203460995,-0.210078926,-0.224880161,-0.241375042,-0.240559571,-0.253059816,-0.222957327,0,7,7
Sainte-Agathe-des-Monts,-0.289701557,-0.28393207,-0.282906199,-0.280385121,-0.273905783,-0.276231653,-0.278248471,-0.271994369,-0.270376994,-0.288022278,-0.269174943,-0.272460673,-0.275513887,-0.282673835,-0.282995178,-0.281008095,-0.281916314,-0.286100709,-0.300440095,-0.274549601,-0.266402061,-0.200884071,-0.32221259,-0.22107822,-0.282516343,-0.269849914,-0.26761438,-0.302901264,-0.223255736,-0.176608966,-0.171413083,-0.490102821,-0.22190564,-0.275761425,-0.271591488,-0.335551656,-0.261115003,-0.269923367,-0.258707297,-0.275738508,-0.2863483,-0.293194212,-0.296190079,-0.296779301,-0.290716494,-0.296685359,-0.258897977,0,7,7
Sainte-Marie,-0.291581535,-0.287644836,-0.285211107,-0.281433137,-0.276820803,-0.278900849,-0.283309355,-0.279744916,-0.278851079,-0.292338992,-0.278391892,-0.290766369,-0.302307095,-0.311901639,-0.311601823,-0.307080538,-0.298182932,-0.295367858,-0.311281872,-0.291952332,-0.27771402,-0.203749016,-0.33812561,-0.216258866,-0.293147612,-0.284446088,-0.269097489,-0.323115201,-0.230671485,-0.176608966,-0.245394035,-0.579568253,-0.264133164,-0.280006164,-0.229473848,-0.363333743,-0.27854181,-0.274308734,-0.280640325,-0.295858235,-0.300316005,-0.298906988,-0.302866506,-0.298218373,-0.294060289,-0.297529725,-0.268246701,0,7,7
Salaberry-de-Valleyfield,-0.249282046,-0.257412318,-0.257687801,-0.248013061,-0.23351194,-0.238349598,-0.249991867,-0.245088899,-0.246328915,-0.252792325,-0.238264445,-0.238791267,-0.238173128,-0.239865434,-0.23964646,-0.226331903,-0.23456238,-0.235817843,-0.263337957,-0.201241392,-0.24022543,-0.199857823,-0.266354643,-0.218572156,-0.244745389,-0.232479281,-0.242757476,-0.259117408,-0.149173144,-0.176693303,-0.112540918,-0.649152478,-0.179678116,-0.268165576,-0.205089951,-0.302110256,-0.222968766,-0.259817957,-0.221409098,-0.235263275,-0.238839723,-0.247267976,-0.257836139,-0.262601349,-0.259507742,-0.266569662,-0.238123035,0,7,7
Salmon Arm,-0.290484881,-0.280219305,-0.274771232,-0.278754873,-0.272968813,-0.274999716,-0.279408257,-0.276091087,-0.273812434,-0.287047537,-0.26895014,-0.280523896,-0.285818967,-0.290497439,-0.287558201,-0.275945484,-0.264926735,-0.256411508,-0.293274768,-0.282772869,-0.270550901,-0.197822429,-0.325810881,-0.219536027,-0.285136726,-0.273682541,-0.263995595,-0.304228047,-0.230521672,-0.176693303,-0.217781426,-0.231647128,-0.230351145,-0.258559062,-0.269058096,-0.343217454,-0.263203007,-0.265271065,-0.267323844,-0.281554366,-0.291494297,-0.295658547,-0.297326492,-0.292821854,-0.289378976,-0.288241706,-0.254431364,0,7,7
Sarnia,-0.166093053,-0.171090524,-0.168745491,-0.175699936,-0.167195244,-0.17439155,-0.179772098,-0.180870083,-0.173841133,-0.177458708,-0.165877677,-0.154999123,-0.133909967,-0.120149527,-0.120481358,-0.114954477,-0.124672335,-0.127357874,-0.143103021,-0.173384272,-0.158710101,-0.168112529,-0.149169866,-0.171728037,-0.160548731,-0.162405574,-0.165991764,-0.13931666,-0.199285635,-0.109476348,-0.211529515,-0.604419762,-0.154341601,-0.188632572,-0.196223079,-0.077898527,-0.143383671,-0.133633799,-0.162900938,-0.158556814,-0.165509269,-0.167401131,-0.166354889,-0.164924359,-0.173237833,-0.161305447,-0.148686909,0,1,1
Saskatoon,0.290584755,0.225247173,0.200175277,0.214395027,0.184064619,0.22352401,0.228578001,0.188388113,0.135233945,0.275656982,0.099503002,0.10999762,0.121898487,0.123858358,0.066602586,0.045024008,0.067273764,0.150313375,0.234520963,0.110605354,0.13483354,0.042123074,0.279793188,-0.012689359,0.15916049,0.14005009,0.161063393,0.182779552,0.14326208,-0.097078741,0.101066055,0.29023456,-0.188123621,0.08347754,0.008348318,0.361624373,0.099387007,0.147449134,0.117106703,0.160372305,0.170083233,0.177605717,0.19417215,0.207975088,0.205948507,0.205993484,0.116920724,4,2,42
Sault Ste. Marie,-0.211525837,-0.208615974,-0.20223444,-0.196776708,-0.196553656,-0.202110127,-0.209504793,-0.204564612,-0.201095623,-0.204055234,-0.18959446,-0.181041155,-0.171735671,-0.174914757,-0.168042098,-0.164821188,-0.145999679,-0.139542459,-0.181593206,-0.184603616,-0.193516127,-0.182608292,-0.1918947,-0.188499388,-0.199045905,-0.181287048,-0.196721779,-0.192856277,-0.172618899,-0.14194627,-0.177664995,-0.569627649,-0.120559582,-0.243367364,-0.16772242,-0.159701338,-0.170045883,-0.203875933,-0.18423141,-0.175532834,-0.183612151,-0.199213451,-0.204282674,-0.200181615,-0.186167174,-0.179881485,-0.192418162,0,7,7
Sept-les,-0.267925154,-0.260992484,-0.26107737,-0.262335951,-0.256832097,-0.261037766,-0.265279955,-0.260700715,-0.257093293,-0.268248945,-0.253438689,-0.263743675,-0.277332431,-0.288135596,-0.288962208,-0.285311313,-0.271433382,-0.28661555,-0.294587786,-0.240700332,-0.259214905,-0.202902361,-0.300700785,-0.218572156,-0.270193054,-0.259388148,-0.253554509,-0.298452637,-0.202956057,-0.173741492,-0.226638301,0.702769608,-0.247242154,-0.264591059,-0.249107635,-0.33179593,-0.260231616,-0.237395387,-0.263527743,-0.27463821,-0.279548233,-0.278072159,-0.280422348,-0.280409861,-0.276226716,-0.272480219,-0.24882213,0,4,4
Shawinigan,-0.251945348,-0.254627744,-0.252671238,-0.250341987,-0.24267343,-0.24512525,-0.246828815,-0.240660015,-0.241977358,-0.252513827,-0.234555185,-0.222228971,-0.202529675,-0.199271261,-0.20401978,-0.193931198,-0.190100289,-0.173350393,-0.254709553,-0.196077944,-0.224913663,-0.200798551,-0.249285493,-0.212017835,-0.233642451,-0.217923345,-0.243528693,-0.233986567,-0.115015751,-0.176440291,-0.127128711,-0.559687046,0.225706117,-0.275761425,-0.238974067,-0.267691337,-0.198555175,-0.260428095,-0.198451725,-0.219073181,-0.220093592,-0.234386227,-0.255847416,-0.264220304,-0.267532849,-0.270228578,-0.226177443,0,7,7
Sherbrooke,0.022531332,0.030857389,0.01510477,0.065343817,0.021031736,-0.012699856,-0.013500963,0.013336477,-0.012031913,0.031693034,-0.007840729,0.024897926,0.06322015,0.109244456,0.123640374,0.158679609,0.109928452,0.155290178,-0.046877557,0.074716204,0.067654063,-0.135417955,0.148864758,-0.077268701,0.070711324,0.048710833,-0.035300215,0.119406127,0.381390046,-0.134861923,0.060168135,-0.082538074,0.33549768,-0.16048325,0.026715409,0.07274212,0.077864499,-0.10205916,0.092221152,0.077142651,0.109617771,0.081496666,0.041324595,0.01226134,-0.001589696,-0.043375752,-0.046058696,0,1,1
Sorel-Tracy,-0.265261853,-0.260727287,-0.256738721,-0.254883391,-0.250689734,-0.252003564,-0.253787531,-0.244203123,-0.247474061,-0.262539743,-0.238376846,-0.240316742,-0.230898953,-0.225841992,-0.220341362,-0.201525113,-0.223717968,-0.222775189,-0.26656423,-0.211122063,-0.236374652,-0.201038009,-0.267562733,-0.218186608,-0.242686517,-0.235104782,-0.245486397,-0.248737278,-0.165727495,-0.174163179,-0.160993231,-0.594479158,-0.120559582,-0.268835798,-0.213323474,-0.279678793,-0.216624445,-0.24921681,-0.220083475,-0.237935426,-0.247569539,-0.257573375,-0.266927443,-0.266199028,-0.252597232,-0.258407463,-0.232409926,0,7,7
Squamish,-0.26745516,-0.269876601,-0.274906815,-0.272932561,-0.254229401,-0.246254526,-0.245669029,-0.248632007,-0.250565957,-0.270755424,-0.261306816,-0.283247958,-0.301700914,-0.309687412,-0.311777324,-0.308599321,-0.301074776,-0.302747254,-0.290161039,-0.292398556,-0.259844683,-0.185533101,-0.321550089,-0.197945322,-0.275546123,-0.270986625,-0.24975775,-0.305476785,-0.222207044,-0.165982446,-0.221428375,-0.281350146,-0.247242154,-0.225047964,-0.229790522,-0.357057049,-0.270751947,-0.238615663,-0.273710934,-0.281554366,-0.288094263,-0.285689193,-0.284968001,-0.27537311,-0.269093287,-0.262910745,-0.250795749,0,7,7
St. Catharines - Niagara,0.298574658,0.275767301,0.309590587,0.284845013,0.259542805,0.242105722,0.222041025,0.231237565,0.275857952,0.275099987,0.328690298,0.415528405,0.483182463,0.561684968,0.605214805,0.605961229,0.595758126,0.627399947,0.546756649,0.402881995,0.273557668,0.080598849,0.516189216,0.093143652,0.359866875,0.353620988,0.267491282,0.506280593,0.067231918,-0.000765362,0.08100784,-0.097448979,0.698654389,0.268235391,0.329772417,0.819977354,0.431219109,0.13509384,0.432665132,0.525199551,0.459637443,0.400179939,0.346735601,0.287303914,0.227348794,0.247367386,0.256736084,4,2,42
St. John's,-0.027914725,-0.000833715,0.00100416,0.02202581,-0.006869166,0.005573872,0.016126297,0.026401684,0.035377158,-0.014119831,0.039030827,0.028929538,0.027455461,0.041931936,0.03571443,0.028570525,-0.011890446,-0.077075009,0.02139938,-0.035628586,0.029511658,-0.164554867,0.136848804,-0.055677995,0.020467346,0.015464551,0.005633589,0.051584075,-0.138836038,-0.167416182,0.903915678,-0.500043424,-0.019213524,-0.00476835,-0.016668927,0.110145041,0.012895436,0.020769239,0.015094021,0.027472073,0.039871137,0.023136742,0.017317869,0.019096931,0.028058619,0.050067348,-0.018843522,0,1,1
Steinbach,-0.274505075,-0.277302132,-0.274093318,-0.264781323,-0.26391143,-0.269661323,-0.273714762,-0.274873144,-0.273583405,-0.278135611,-0.275019837,-0.289785707,-0.306550363,-0.313673021,-0.312479327,-0.305055493,-0.293122207,-0.289876214,-0.293912519,-0.272382227,-0.280093713,-0.18940719,-0.334306485,-0.214523899,-0.290804241,-0.279014017,-0.261029377,-0.319056804,-0.22467896,-0.172392093,-0.239923613,-0.485132519,-0.272578669,-0.272633723,-0.244040851,-0.357674429,-0.26609409,-0.273584195,-0.270939178,-0.286269928,-0.293148367,-0.299019003,-0.303008558,-0.30217582,-0.296512405,-0.296966815,-0.254223615,0,7,7
Stratford,-0.266201842,-0.264970447,-0.257416635,-0.256630085,-0.249232224,-0.252927516,-0.256317973,-0.257821941,-0.251596589,-0.270198428,-0.249954233,-0.255244601,-0.263147792,-0.266436165,-0.267200099,-0.264301481,-0.25227492,-0.247830814,-0.262887779,-0.25644566,-0.254532437,-0.191750458,-0.295231902,-0.212788932,-0.264869933,-0.25128028,-0.246732208,-0.280658128,-0.20288115,-0.16286196,-0.218302419,-0.649152478,-0.230351145,-0.243590772,-0.186089511,-0.315949851,-0.245214045,-0.250704021,-0.24954845,-0.259234044,-0.261629137,-0.259701664,-0.264370514,-0.266199028,-0.268201608,-0.267132572,-0.244043893,0,7,7
Strathmore,-0.290798211,-0.281280095,-0.277076139,-0.280152229,-0.27505097,-0.275821007,-0.279197387,-0.277751918,-0.273812434,-0.286212044,-0.273671016,-0.290657406,-0.307035308,-0.314853943,-0.313707833,-0.311636887,-0.301074776,-0.303776938,-0.299914888,-0.288828765,-0.280992709,-0.200028864,-0.336527812,-0.219343253,-0.294877065,-0.282786288,-0.26624992,-0.323895662,-0.235989851,-0.176693303,-0.250082969,-0.425488897,-0.281024174,-0.260569728,-0.238974067,-0.362973605,-0.279505504,-0.264470259,-0.27907368,-0.295386679,-0.304818752,-0.308428281,-0.304713177,-0.300197096,-0.292499851,-0.289086071,-0.259832849,0,7,7
Summerside,-0.290798211,-0.283269076,-0.276669391,-0.268391157,-0.271094871,-0.274897055,-0.279302822,-0.277530474,-0.270491509,-0.287604532,-0.269174943,-0.278998421,-0.293699323,-0.301420962,-0.297737253,-0.295942795,-0.283000755,-0.284556184,-0.293199738,-0.279840541,-0.275021841,-0.200430812,-0.32812314,-0.199680289,-0.289643785,-0.273139334,-0.266190596,-0.312735071,-0.226626531,-0.176102941,-0.23940262,-0.132241092,-0.264133164,-0.250516398,-0.235173979,-0.352941185,-0.267138093,-0.275147674,-0.266781543,-0.27872503,-0.286715871,-0.293754288,-0.300025473,-0.301096516,-0.298295762,-0.296122449,-0.256820482,0,7,7
Swift Current,-0.28453162,-0.28181049,-0.273415404,-0.271302313,-0.267555205,-0.269969308,-0.272871282,-0.275537476,-0.272209229,-0.283009321,-0.270973372,-0.282812108,-0.29539663,-0.304373265,-0.305459292,-0.301005405,-0.283723716,-0.269625777,-0.291286483,-0.280669242,-0.275238177,-0.195496266,-0.328850592,-0.214909447,-0.287195599,-0.276358339,-0.261800594,-0.311798518,-0.227899943,-0.175006554,-0.244612546,-0.385726483,-0.272578669,-0.269282613,-0.257974507,-0.341108074,-0.272197488,-0.261762772,-0.274976301,-0.287370225,-0.292505117,-0.295210486,-0.293917253,-0.292282202,-0.284028904,-0.285990065,-0.255366236,0,7,7
Sylvan Lake,-0.282494978,-0.276373941,-0.274228901,-0.273631238,-0.267451097,-0.268840032,-0.27097345,-0.271994369,-0.271636656,-0.280363593,-0.272434596,-0.288260232,-0.303034513,-0.315149173,-0.318797359,-0.321255846,-0.311196227,-0.31493184,-0.296125893,-0.287681332,-0.277367882,-0.200738686,-0.32988981,-0.221270994,-0.292121919,-0.279426452,-0.263224378,-0.322412786,-0.239061021,-0.174416192,-0.240965598,-0.46028101,-0.272578669,-0.250963213,-0.263674638,-0.350677459,-0.278059962,-0.257148604,-0.278471124,-0.292242972,-0.30178629,-0.304395733,-0.301730093,-0.296599417,-0.290939414,-0.282612603,-0.257443731,0,7,7
Terrace,-0.278265029,-0.278230323,-0.274228901,-0.269788512,-0.260684087,-0.264938899,-0.272344106,-0.27310159,-0.27003345,-0.281199086,-0.264341665,-0.280305971,-0.293820559,-0.304816111,-0.305985794,-0.305561754,-0.299990335,-0.305836304,-0.292224353,-0.279075586,-0.271728729,-0.198882886,-0.324304015,-0.207391255,-0.285967762,-0.273712719,-0.261741269,-0.312188748,-0.237937422,-0.176693303,-0.233150709,0.09639279,-0.196569125,-0.263920837,-0.261457921,-0.340953729,-0.270029176,-0.254631785,-0.274192979,-0.286269928,-0.295078116,-0.295210486,-0.295479821,-0.290663246,-0.282022627,-0.279235142,-0.252769369,0,7,7
Thetford Mines,-0.279675012,-0.271998182,-0.272195159,-0.269089834,-0.263286783,-0.268018741,-0.27118432,-0.26357949,-0.265681893,-0.277857114,-0.261419218,-0.265378112,-0.267997241,-0.267174241,-0.258249553,-0.246835475,-0.235646821,-0.216082248,-0.293537371,-0.250326019,-0.25539778,-0.203167475,-0.303207898,-0.208933449,-0.268119208,-0.257527161,-0.259783566,-0.282999511,-0.206776292,-0.176693303,-0.17870698,-0.505013726,-0.162787106,-0.281570015,-0.26937477,-0.307615225,-0.245214045,-0.270838574,-0.243522893,-0.262849307,-0.268521097,-0.272023337,-0.286814672,-0.29174255,-0.28648102,-0.289930437,-0.253288742,0,7,7
Thompson,-0.279831677,-0.27968891,-0.279109881,-0.274213469,-0.267867528,-0.272741165,-0.281516959,-0.27996636,-0.278851079,-0.282591574,-0.277155472,-0.293054581,-0.312975884,-0.326220311,-0.328449908,-0.326571587,-0.318064355,-0.320080256,-0.3070427,-0.283155347,-0.284992517,-0.197334961,-0.341191302,-0.215873318,-0.300035477,-0.282746051,-0.26897884,-0.335134299,-0.22947298,-0.174078842,-0.252948428,-0.216736222,-0.272578669,-0.266154911,-0.272858184,-0.372594439,-0.282155663,-0.260084893,-0.286786393,-0.300730982,-0.308586357,-0.31055657,-0.309827036,-0.306852803,-0.298072843,-0.291337712,-0.259313475,0,7,7
Thunder Bay,-0.140243366,-0.14695755,-0.13756145,-0.110024246,-0.108270205,-0.135072237,-0.147087221,-0.15064295,-0.134219059,-0.148077205,-0.119118523,-0.10912592,-0.089658741,-0.088559879,-0.083977174,-0.10153856,-0.091054656,-0.08153697,-0.11597982,-0.094211407,-0.124009839,-0.167932935,-0.088297693,-0.119871789,-0.129283815,-0.104272362,-0.14113486,-0.107629948,-0.12834912,-0.133259511,-0.126086726,-0.251528335,-0.078332057,-0.218792559,-0.15030535,-0.013845383,-0.115998689,-0.13500661,-0.123313027,-0.108493273,-0.103389737,-0.101536187,-0.098738313,-0.101964974,-0.117062079,-0.112332256,-0.140896306,0,1,1
Tillsonburg,-0.286411597,-0.286451447,-0.277482888,-0.274912147,-0.269949685,-0.274075763,-0.279724562,-0.277973362,-0.274041464,-0.29025026,-0.270186559,-0.282485221,-0.293699323,-0.296549661,-0.289137709,-0.280501834,-0.270348941,-0.266536727,-0.290348613,-0.26823872,-0.276815024,-0.196770524,-0.328071179,-0.223584284,-0.286349589,-0.275281984,-0.264648163,-0.305476785,-0.230072233,-0.168343895,-0.242528576,-0.639211874,-0.23879665,-0.263474023,-0.265258008,-0.338895796,-0.264648549,-0.268970027,-0.267082821,-0.28399074,-0.29029969,-0.290729877,-0.293775202,-0.29174255,-0.29339153,-0.292463533,-0.257755355,0,7,7
Timmins,-0.253042001,-0.245743627,-0.24209578,-0.235669758,-0.23351194,-0.237015,-0.24693425,-0.244535289,-0.237396771,-0.250564343,-0.234555185,-0.24020778,-0.250902932,-0.263483862,-0.271061118,-0.26911096,-0.258781568,-0.267738024,-0.254559494,-0.221576451,-0.247768338,-0.199678229,-0.270121807,-0.199294741,-0.251955187,-0.240194833,-0.235697878,-0.269029261,-0.209922367,-0.168090882,-0.195899736,-0.385726483,-0.137450591,-0.258559062,-0.20825669,-0.276386102,-0.233248173,-0.216460028,-0.241956248,-0.255933151,-0.262915636,-0.262053984,-0.259398707,-0.257924366,-0.255049348,-0.244053252,-0.227839438,0,7,7
Trail,-0.297064802,-0.290562008,-0.286160186,-0.280035782,-0.27213595,-0.278798187,-0.281833264,-0.283177301,-0.279080109,-0.294845471,-0.27580665,-0.287824382,-0.295275394,-0.301863807,-0.30317778,-0.304042971,-0.292037765,-0.290219442,-0.301302935,-0.293673481,-0.276930403,-0.201029457,-0.3369435,-0.216258866,-0.294323041,-0.279808709,-0.270758571,-0.317495883,-0.235390599,-0.176693303,-0.24148659,-0.554716744,-0.255687659,-0.276655054,-0.268108074,-0.345326835,-0.276212881,-0.263821988,-0.278772402,-0.289963784,-0.299213292,-0.301595353,-0.30755421,-0.30307524,-0.298072843,-0.289648981,-0.260559972,0,7,7
Trois-Rivires,-0.088230662,-0.090603076,-0.098920355,-0.087550119,-0.088073283,-0.109920195,-0.100590347,-0.082659582,-0.107766172,-0.09042819,-0.096188554,-0.052901282,-0.008187992,0.021413426,0.035187928,0.069071407,0.048838263,0.054724447,-0.111177925,-0.029190213,-0.041778198,-0.178315152,0.011688032,-0.131245464,-0.037046324,-0.046853367,-0.118057687,-0.001877496,0.165434423,-0.15788605,0.018488726,-0.385726483,0.33549768,-0.197345457,0.040649065,-0.035659466,-0.024447722,-0.154073421,-0.017926033,-0.028171548,-0.008188797,-0.023237555,-0.068197212,-0.093690311,-0.105916096,-0.131471204,-0.11451213,0,1,1
Truro,-0.253825325,-0.243754646,-0.23965529,-0.239163146,-0.237051607,-0.243174684,-0.24672338,-0.244203123,-0.23098395,-0.251539085,-0.225225834,-0.228439832,-0.23647582,-0.239127358,-0.235083437,-0.228356948,-0.222272046,-0.232213952,-0.242929905,-0.219664063,-0.237201536,-0.196779076,-0.258820315,-0.201608031,-0.242694004,-0.233153261,-0.23421477,-0.24569348,-0.19134554,-0.176608966,-0.198244203,0.593422969,-0.171232611,-0.275314611,-0.241824133,-0.25513795,-0.213171207,-0.252381901,-0.215383541,-0.229447416,-0.23580726,-0.250068356,-0.258262294,-0.261522045,-0.255941027,-0.261784925,-0.217763591,0,4,4
Val-d'Or,-0.250692029,-0.254495145,-0.257416635,-0.254534052,-0.246317205,-0.248205092,-0.255579927,-0.253946667,-0.251024016,-0.25933702,-0.249504626,-0.253501202,-0.260238122,-0.273374079,-0.27737915,-0.27366731,-0.271071902,-0.277348401,-0.2852466,-0.223106362,-0.250571088,-0.201713622,-0.285372325,-0.214138351,-0.25511462,-0.254187444,-0.244833829,-0.279877667,-0.181907312,-0.172898117,-0.170110602,-0.430459199,-0.213460135,-0.272410315,-0.244040851,-0.313634677,-0.248265744,-0.234230296,-0.249970239,-0.264421161,-0.267694062,-0.267766759,-0.270052579,-0.271415663,-0.26039942,-0.264599476,-0.24331677,0,7,7
Vernon,-0.234085564,-0.219091276,-0.217012964,-0.229032322,-0.225495636,-0.221821114,-0.219521127,-0.215968988,-0.209798737,-0.223271573,-0.204768705,-0.196840714,-0.186405256,-0.17786706,-0.168568601,-0.163555536,-0.148891522,-0.142803123,-0.195811316,-0.208699705,-0.204986732,-0.175920571,-0.221525393,-0.204692417,-0.20558189,-0.206274572,-0.211552867,-0.187783282,-0.173592684,-0.170789681,-0.138330052,0.349878181,-0.112114077,-0.187292128,-0.176905966,-0.22869352,-0.188115153,-0.206888489,-0.191401823,-0.195102412,-0.20658535,-0.212543261,-0.218203734,-0.219429199,-0.220050962,-0.21647065,-0.194287907,0,4,4
Victoria,0.160239665,0.157489206,0.194345217,0.258644605,0.263186579,0.27218551,0.281084675,0.260136032,0.24436642,0.179436041,0.269229739,0.286734757,0.364007245,0.479168085,0.540981481,0.51812494,0.461648893,0.532669088,0.376664542,0.131386637,0.328372352,0.076151771,0.426426794,0.112228294,0.325794406,0.313574559,0.168716235,0.525870162,0.463937079,0.070415453,1.15998355,1.448314876,0.234151622,0.220202818,0.124884346,0.295821986,0.224908201,0.293805979,0.258707297,0.326360056,0.369858178,0.406452791,0.431966579,0.442723654,0.423963934,0.402730612,0.226196919,4,2,42
Victoriaville,-0.234242228,-0.229699177,-0.230300077,-0.23811513,-0.23642696,-0.238554921,-0.234492909,-0.226930475,-0.230182347,-0.233715235,-0.231070729,-0.229311532,-0.230414009,-0.219346924,-0.214900835,-0.196209372,-0.189377329,-0.18519175,-0.258798666,-0.194293049,-0.222091682,-0.198515147,-0.243426904,-0.208355126,-0.224785556,-0.22212817,-0.227511118,-0.238747378,-0.131944635,-0.176608966,-0.186000877,-0.579568253,-0.22190564,-0.276878462,-0.130038215,-0.270572443,-0.202972108,-0.252725103,-0.205622138,-0.221902518,-0.218163843,-0.226657177,-0.244199183,-0.250009472,-0.251482634,-0.267132572,-0.2325138,0,7,7
Wasaga Beach,-0.287038256,-0.280882299,-0.276940557,-0.274329916,-0.26828396,-0.272638504,-0.274979983,-0.273987367,-0.269002818,-0.287743781,-0.263105245,-0.266249812,-0.271513092,-0.263188631,-0.249299008,-0.246329214,-0.251190479,-0.268596093,-0.272078905,-0.263394004,-0.266777043,-0.189937418,-0.317198365,-0.218957705,-0.272671188,-0.268180055,-0.259308971,-0.280658128,-0.239435553,-0.176693303,-0.245915028,-0.614360365,-0.23879665,-0.244931215,-0.267158052,-0.304373981,-0.247141434,-0.261038233,-0.252018928,-0.26732909,-0.27881309,-0.286137254,-0.288093136,-0.285626496,-0.282468467,-0.281486783,-0.249860877,0,7,7
Wetaskiwin,-0.291894864,-0.288970823,-0.282635034,-0.279453551,-0.276716695,-0.279414156,-0.284469141,-0.282623691,-0.279767197,-0.292199743,-0.27827949,-0.291855994,-0.305822946,-0.31677294,-0.316515848,-0.308852451,-0.293483687,-0.293651719,-0.304266604,-0.28207166,-0.285107896,-0.198506595,-0.342529294,-0.220499898,-0.300230134,-0.280834767,-0.272301004,-0.329671072,-0.232394336,-0.176693303,-0.24435205,-0.485132519,-0.264133164,-0.265708096,-0.257657833,-0.36523733,-0.280710122,-0.274385001,-0.277205757,-0.295858235,-0.305645788,-0.308540296,-0.306986003,-0.303974659,-0.299410361,-0.298655545,-0.264611086,0,7,7
Weyburn,-0.291581535,-0.288307829,-0.282770617,-0.280268675,-0.277237234,-0.277668912,-0.281833264,-0.283177301,-0.279652682,-0.292060494,-0.279740714,-0.293490431,-0.308853852,-0.319134783,-0.320201366,-0.314927584,-0.298905893,-0.283869728,-0.303553823,-0.292717287,-0.283934876,-0.199421667,-0.342321451,-0.220885446,-0.298500681,-0.284717691,-0.270046679,-0.327485782,-0.231270738,-0.174753541,-0.250343465,-0.51495433,-0.272578669,-0.280676386,-0.274441554,-0.360452638,-0.281352585,-0.267597216,-0.28383387,-0.298216016,-0.307299858,-0.307532159,-0.3067019,-0.303614891,-0.296066566,-0.293870808,-0.264195587,0,7,7
Whitehorse,-0.259151927,-0.261788077,-0.258365715,-0.254068267,-0.243298077,-0.237425646,-0.24071358,-0.249296339,-0.247474061,-0.260172513,-0.252427073,-0.264942262,-0.274665234,-0.286511829,-0.291945724,-0.297208448,-0.296737011,-0.301374343,-0.27961938,-0.274485854,-0.248542339,-0.185883736,-0.302207651,-0.191391,-0.266464623,-0.25441881,-0.245723694,-0.291662627,-0.219660221,-0.175765591,-0.219344404,0.573541762,-0.129005087,-0.233984257,-0.21617354,-0.323101166,-0.267860863,-0.214095744,-0.267203332,-0.276445842,-0.283591516,-0.28154463,-0.269768476,-0.24767098,-0.233426141,-0.218440836,-0.247679508,0,4,4
Williams Lake,-0.275758393,-0.273058972,-0.269754669,-0.268740495,-0.262766244,-0.265657529,-0.269286489,-0.268561984,-0.264422232,-0.276325377,-0.259845593,-0.272024823,-0.281090754,-0.286068984,-0.289839713,-0.290373924,-0.288784442,-0.290562669,-0.27868151,-0.262565302,-0.270526864,-0.197437586,-0.314626301,-0.217029963,-0.277896981,-0.2694073,-0.258834376,-0.296891715,-0.232544149,-0.176693303,-0.223512345,0.628215081,-0.23879665,-0.268388984,-0.26620803,-0.32906917,-0.259830077,-0.254860586,-0.265275154,-0.277388954,-0.287451013,-0.291625999,-0.290792117,-0.283647772,-0.276449636,-0.277264956,-0.242693522,0,4,4
Windsor,0.324267681,0.358641527,0.397041486,0.345979298,0.284945119,0.225782561,0.214660569,0.253381985,0.320289642,0.332192007,0.345213364,0.371289639,0.396498556,0.411117489,0.420763374,0.401684903,0.382123203,0.378903057,0.493223028,0.462102278,0.229886682,0.1728244,0.434078034,0.13246958,0.309061387,0.334709336,0.30575549,0.355495548,-0.038760869,0.061307008,-0.010165868,0.091422488,-0.010768019,0.12681856,0.19106921,0.790754715,0.366571277,0.196069503,0.320951302,0.38381131,0.415069436,0.385393931,0.318893481,0.289282637,0.238048938,0.262003052,0.312309054,4,2,42
Winkler,-0.234555558,-0.239644084,-0.235994555,-0.244286781,-0.243402185,-0.249950336,-0.255052752,-0.256382553,-0.254001397,-0.237614202,-0.256698342,-0.273986147,-0.286667621,-0.296844891,-0.299316761,-0.295689664,-0.280108912,-0.275117421,-0.267352041,-0.218452884,-0.271502778,-0.171986618,-0.307806435,-0.213945577,-0.26823151,-0.266188296,-0.233502877,-0.297516084,-0.234416814,-0.170789681,-0.250082969,-0.211765921,-0.264133164,-0.239792847,-0.239607415,-0.314509298,-0.242563886,-0.26847429,-0.250271517,-0.261984788,-0.264569706,-0.275271778,-0.289371601,-0.291023014,-0.284697663,-0.287115885,-0.229085935,0,7,7
Winnipeg,1.086911787,0.974164977,0.996317411,1.126052777,0.944468305,0.935172788,0.954920328,0.93720166,0.90534506,1.022309205,0.837870509,0.885483566,0.929695512,0.976040765,0.961481603,0.894023754,0.85349366,0.933044259,1.201239861,0.945553978,0.827574417,0.661096437,1.141265625,0.940771612,0.921138,0.950796646,0.896744693,0.997268543,0.616821375,0.519765438,0.038546941,0.996017414,0.242597127,0.263543838,0.501726393,1.65261678,0.844483386,0.573744904,0.926037753,1.078963613,1.145433403,1.085264965,1.042788591,0.970862957,0.908368353,0.905972365,0.999128637,4,5,45
Wood Buffalo,-0.129120167,-0.177455265,-0.19491297,-0.203064806,-0.180729264,-0.140410629,-0.130112171,-0.153411002,-0.171436325,-0.145431477,-0.184086771,-0.212095461,-0.24775079,-0.287692751,-0.308969309,-0.314421322,-0.310834747,-0.313902156,-0.200425636,-0.225337481,-0.196857313,-0.138445389,-0.221499412,-0.191005452,-0.198491881,-0.215338082,-0.163974736,-0.247800725,-0.162506513,-0.162440272,-0.228722271,1.940374753,-0.272578669,-0.162493916,-0.205089951,-0.263369679,-0.24127896,0.025497809,-0.245993371,-0.254046926,-0.259607495,-0.257013299,-0.24917099,-0.236518175,-0.212248774,-0.188043683,-0.178395076,0,3,3
Woodstock,-0.229228956,-0.239776683,-0.236401303,-0.238464468,-0.226953146,-0.224695633,-0.231118986,-0.233020191,-0.233503272,-0.234132981,-0.235229596,-0.241297404,-0.252963948,-0.260088713,-0.255968042,-0.250885563,-0.239623106,-0.231184269,-0.233963868,-0.218835362,-0.244840593,-0.178674339,-0.268653912,-0.213367254,-0.243045884,-0.237066363,-0.221638007,-0.263175804,-0.212843723,-0.148355917,-0.232890212,-0.649152478,-0.23879665,-0.187292128,-0.191156295,-0.284566383,-0.226100773,-0.242924762,-0.232435868,-0.241000541,-0.240861364,-0.23617847,-0.239937634,-0.246231909,-0.248361759,-0.253341271,-0.226281318,0,7,7
Yellowknife,-0.271528444,-0.274384959,-0.271381662,-0.265247108,-0.256103342,-0.256725988,-0.263803864,-0.263025879,-0.264193202,-0.274654391,-0.265016076,-0.280197009,-0.299761134,-0.316625325,-0.32300938,-0.323280891,-0.317702875,-0.315446681,-0.296988733,-0.286278914,-0.269656713,-0.191673489,-0.327252795,-0.211053964,-0.285990222,-0.272918027,-0.256283429,-0.320851864,-0.218012276,-0.171717393,-0.23731865,-0.107389583,-0.247242154,-0.246048252,-0.27095814,-0.361996087,-0.282878434,-0.205668213,-0.285460771,-0.298687572,-0.306289037,-0.305067824,-0.301161886,-0.285626496,-0.2737746,-0.260096194,-0.24861438,0,7,7
Yorkton,-0.280615001,-0.275180552,-0.270703748,-0.270487189,-0.267138773,-0.269763985,-0.274136503,-0.271551481,-0.26854476,-0.280502842,-0.268725336,-0.281504558,-0.295032921,-0.304816111,-0.30510829,-0.298727231,-0.280108912,-0.274087737,-0.285621748,-0.275633287,-0.2757045,-0.195658755,-0.32516137,-0.211053964,-0.286821258,-0.273752957,-0.261325999,-0.311642426,-0.226926157,-0.176693303,-0.250082969,-0.455310708,-0.272578669,-0.275091203,-0.265574682,-0.331332895,-0.268423018,-0.262296643,-0.270758411,-0.283912147,-0.291861868,-0.293306227,-0.292922892,-0.291562666,-0.287595619,-0.282331148,-0.257547605,0,7,7