GEO_NAME,"$10,000 to $19,999","$100,000 and over","$20,000 to $29,999","$30,000 to $39,999","$40,000 to $49,999","$50,000 to $59,999","$60,000 to $69,999","$70,000 to $79,999","$80,000 to $89,999","$90,000 to $99,999",0 to 4 years,10 to 14 years,15 to 19 years,1980 to 1990,1991 to 2000,20 to 24 years,2001 to 2010,2011 to 2021,25 to 29 years,30 to 34 years,35 to 39 years,40 to 44 years,45 to 49 years,5 to 9 years,50 to 54 years,55 to 59 years,60 to 64 years,65 to 69 years,70 to 74 years,75 to 79 years,80 to 84 years,85 years and over,Before 1980,Common-law couples,Living common-law,Married,Married couples,Not married and not living common law - Divorced,Not married and not living common law - Never married,Not married and not living common law - Separated,Not married and not living common law - Widowed,"Under $10,000 (including loss)",in which the parent is a man+,in which the parent is a woman+,Apprenticeship or trades certificate or diploma,Bachelor's degree,"College, CEGEP or other non-university certificate or diploma","Degree in medicine, dentistry, veterinary medicine or optometry",Earned doctorate,Master's degree,University certificate or diploma above bachelor level,University certificate or diploma below bachelor level
Abbotsford - Mission,20100.0,8250.0,25155.0,20240.0,16665.0,13960.0,10920.0,8315.0,6145.0,4585.0,10425.0,12225.0,11785.0,5455.0,9805.0,12395.0,12830.0,8820.0,12680.0,13690.0,14175.0,12885.0,12085.0,11910.0,11960.0,12500.0,12245.0,10750.0,9160.0,6180.0,4305.0,1743.0,8765.0,3853.3333333333335,4626.0,83395.0,26575.0,9490.0,43520.0,4265.0,8935.0,13830.0,1840.0,6265.0,8526.666666666666,18525.0,24025.0,700.0,655.0,5905.0,2350.0,7445.0
Alma,3315.0,1178.3333333333333,4050.0,3210.0,3280.0,2640.0,1690.0,1165.0,980.0,600.0,1330.0,1775.0,1585.0,0.0,15.0,1390.0,75.0,78.33333333333333,1445.0,1510.0,1700.0,1910.0,1620.0,1540.0,1610.0,2480.0,2870.0,2405.0,1790.0,1440.0,960.0,390.0,60.0,2360.0,2834.0,8075.0,2590.0,1800.0,6935.0,320.0,1470.0,1570.0,355.0,855.0,3886.6666666666665,2320.0,4920.0,105.0,60.0,480.0,260.0,815.0
Amos,1685.0,871.6666666666666,2210.0,1820.0,1900.0,1610.0,1205.0,915.0,710.0,485.0,955.0,1185.0,1045.0,25.0,20.0,990.0,40.0,80.0,1105.0,1110.0,1155.0,1255.0,1095.0,1145.0,1070.0,1410.0,1515.0,1315.0,1060.0,705.0,420.0,132.0,30.0,1573.3333333333333,1891.0,4215.0,1351.6666666666667,820.0,4795.0,205.0,825.0,955.0,275.0,590.0,2376.6666666666665,1335.0,2245.0,140.0,45.0,230.0,125.0,435.0
Baie-Comeau,2360.0,1541.6666666666667,3130.0,2775.0,2815.0,2350.0,1580.0,1165.0,1000.0,805.0,1085.0,1350.0,1235.0,15.0,30.0,1250.0,110.0,76.66666666666667,1255.0,1400.0,1455.0,1635.0,1595.0,1370.0,1815.0,2535.0,2570.0,1955.0,1555.0,1280.0,705.0,234.0,50.0,2395.0,2876.0,6220.0,2008.3333333333333,1400.0,6590.0,200.0,1235.0,1295.0,325.0,745.0,3205.0,2035.0,4345.0,105.0,75.0,305.0,150.0,580.0
Barrie,19605.0,12235.0,25705.0,21540.0,18340.0,15045.0,12180.0,9645.0,7550.0,6170.0,10830.0,13125.0,13070.0,4385.0,5715.0,13330.0,7005.0,5293.333333333333,14160.0,14720.0,14455.0,13960.0,14110.0,12245.0,14330.0,16150.0,13930.0,10660.0,8835.0,6165.0,4235.0,1815.0,10290.0,6761.666666666667,8116.0,80040.0,26045.0,11410.0,49895.0,5895.0,9115.0,13295.0,2550.0,8420.0,7013.333333333333,24530.0,43840.0,910.0,565.0,5780.0,2575.0,3530.0
Bathurst,3680.0,808.3333333333334,5295.0,4205.0,3555.0,2295.0,1510.0,1145.0,870.0,530.0,1035.0,1295.0,1350.0,50.0,55.0,1465.0,115.0,208.33333333333334,1445.0,1470.0,1475.0,1805.0,1905.0,1145.0,2305.0,2745.0,2965.0,2800.0,2490.0,1705.0,1100.0,358.0,220.0,1565.0,1878.0,12115.0,3950.0,1495.0,6535.0,995.0,2080.0,2125.0,325.0,945.0,1840.0,2580.0,6740.0,130.0,55.0,455.0,265.0,510.0
Belleville - Quinte West,12065.0,4361.666666666667,14515.0,12040.0,10995.0,8935.0,6680.0,5330.0,3385.0,2375.0,5320.0,6075.0,5615.0,1000.0,1065.0,5755.0,1470.0,1036.6666666666667,6680.0,6905.0,6620.0,6345.0,6055.0,5870.0,6725.0,8975.0,9005.0,7725.0,6665.0,4465.0,3160.0,1294.0,3975.0,3853.3333333333335,4621.0,42655.0,13941.666666666666,6565.0,23420.0,3050.0,6670.0,6070.0,1320.0,4335.0,3916.6666666666665,9665.0,25160.0,345.0,220.0,2270.0,910.0,1315.0
Brandon,4600.0,2068.3333333333335,6240.0,5715.0,5360.0,4315.0,3170.0,2315.0,1790.0,1460.0,3160.0,3310.0,3340.0,315.0,390.0,4090.0,2990.0,3275.0,3880.0,4040.0,4015.0,3755.0,3300.0,3540.0,2840.0,3160.0,3000.0,2575.0,2240.0,1475.0,1230.0,524.0,575.0,1498.3333333333333,1800.0,20060.0,6421.666666666667,2715.0,13505.0,990.0,2495.0,3310.0,515.0,2010.0,2001.6666666666667,6165.0,8475.0,285.0,230.0,1500.0,595.0,1085.0
Brantford,13980.0,6481.666666666667,18070.0,15165.0,13270.0,11340.0,8780.0,6195.0,4685.0,3615.0,7595.0,8695.0,8260.0,2580.0,3030.0,8300.0,3590.0,2770.0,9065.0,9325.0,9470.0,9040.0,8835.0,8380.0,9005.0,10400.0,9935.0,8745.0,7330.0,4915.0,3255.0,1437.0,6880.0,4273.333333333333,5131.0,55560.0,18073.333333333332,7490.0,32110.0,4130.0,7375.0,8300.0,1740.0,5935.0,5046.666666666667,14510.0,29220.0,415.0,420.0,3395.0,1200.0,1965.0
Brockville,3595.0,1288.3333333333333,4460.0,3815.0,3280.0,2625.0,1820.0,1295.0,900.0,750.0,1175.0,1465.0,1585.0,325.0,295.0,1600.0,355.0,281.6666666666667,1615.0,1655.0,1510.0,1565.0,1765.0,1305.0,2015.0,2610.0,2795.0,2485.0,2375.0,1645.0,1295.0,480.0,1450.0,1008.3333333333334,1213.0,12210.0,3960.0,2320.0,6865.0,1015.0,2280.0,1710.0,365.0,1340.0,1085.0,2985.0,7560.0,125.0,110.0,880.0,325.0,460.0
Brooks,915.0,491.6666666666667,1395.0,1290.0,1315.0,1760.0,900.0,555.0,375.0,360.0,1020.0,1205.0,1085.0,190.0,330.0,915.0,1065.0,2440.0,855.0,1005.0,1265.0,1300.0,1105.0,1180.0,865.0,765.0,680.0,545.0,390.0,295.0,185.0,102.0,190.0,325.0,388.0,5655.0,1708.3333333333333,625.0,3395.0,335.0,525.0,915.0,150.0,565.0,581.6666666666666,1000.0,1485.0,40.0,25.0,170.0,100.0,240.0
Calgary,106820.0,120298.33333333333,166180.0,133325.0,114630.0,94680.0,79280.0,64120.0,50195.0,42215.0,84655.0,95470.0,84790.0,43715.0,65945.0,86665.0,124645.0,115446.66666666667,96745.0,117760.0,125330.0,114275.0,104035.0,94065.0,96040.0,93675.0,88445.0,70735.0,52690.0,32545.0,21365.0,9009.0,53400.0,36206.666666666664,43453.0,606895.0,196241.66666666666,74505.0,344835.0,27390.0,45360.0,100140.0,13160.0,44995.0,50161.666666666664,282585.0,201940.0,10270.0,12450.0,83425.0,21500.0,40360.0
Campbell River,4010.0,1938.3333333333333,5345.0,4805.0,4100.0,3165.0,2250.0,1875.0,1300.0,1045.0,1675.0,2195.0,2020.0,430.0,405.0,1740.0,515.0,525.0,1980.0,2305.0,2450.0,2455.0,2255.0,2055.0,2465.0,3020.0,3595.0,3470.0,2960.0,1910.0,1110.0,416.0,1970.0,1498.3333333333333,1799.0,16380.0,5280.0,2760.0,7990.0,1060.0,2090.0,2380.0,485.0,1460.0,2691.6666666666665,3285.0,7205.0,195.0,100.0,1020.0,425.0,910.0
Campbellton,1615.0,248.33333333333334,2275.0,1960.0,1475.0,860.0,565.0,380.0,305.0,190.0,460.0,590.0,620.0,0.0,40.0,570.0,40.0,86.66666666666667,650.0,655.0,650.0,625.0,770.0,505.0,930.0,1310.0,1290.0,1185.0,990.0,640.0,465.0,172.0,70.0,600.0,719.0,4335.0,1390.0,735.0,3475.0,420.0,1020.0,865.0,175.0,595.0,745.0,950.0,2545.0,55.0,15.0,205.0,100.0,225.0
Campbellton (New Brunswick part),1405.0,226.66666666666666,2030.0,1795.0,1350.0,755.0,500.0,350.0,270.0,180.0,415.0,515.0,570.0,0.0,40.0,525.0,40.0,86.66666666666667,585.0,595.0,575.0,550.0,685.0,425.0,845.0,1180.0,1170.0,1060.0,885.0,580.0,420.0,159.0,60.0,511.6666666666667,614.0,3980.0,1275.0,630.0,3145.0,400.0,940.0,790.0,160.0,535.0,590.0,885.0,2405.0,55.0,15.0,205.0,95.0,200.0
Campbellton (Quebec part),210.0,23.333333333333332,250.0,165.0,125.0,105.0,70.0,30.0,30.0,15.0,45.0,75.0,55.0,0.0,0.0,40.0,0.0,0.0,60.0,60.0,70.0,75.0,85.0,75.0,80.0,130.0,125.0,120.0,100.0,60.0,45.0,12.0,10.0,88.33333333333333,105.0,355.0,113.33333333333333,105.0,325.0,20.0,80.0,80.0,15.0,65.0,155.0,65.0,140.0,0.0,0.0,0.0,10.0,25.0
Camrose,1425.0,930.0,2645.0,2015.0,1695.0,1360.0,1055.0,830.0,590.0,540.0,940.0,1135.0,985.0,110.0,150.0,1025.0,225.0,681.6666666666666,1105.0,1185.0,1165.0,1115.0,990.0,1100.0,1055.0,1240.0,1220.0,1175.0,1050.0,855.0,670.0,307.0,350.0,465.0,555.0,7470.0,2415.0,1215.0,3805.0,460.0,1260.0,920.0,180.0,695.0,986.6666666666666,1750.0,3055.0,90.0,100.0,400.0,130.0,430.0
Canmore,970.0,1565.0,1460.0,1755.0,1480.0,1325.0,980.0,790.0,695.0,500.0,620.0,715.0,700.0,265.0,350.0,800.0,665.0,893.3333333333334,1140.0,1330.0,1330.0,1200.0,1140.0,720.0,1100.0,1215.0,1200.0,1105.0,755.0,440.0,245.0,92.0,645.0,703.3333333333334,844.0,6595.0,2105.0,855.0,3670.0,280.0,425.0,870.0,100.0,315.0,603.3333333333334,3735.0,2410.0,190.0,275.0,1215.0,335.0,550.0
Cape Breton,11195.0,2473.3333333333335,16995.0,12405.0,10050.0,7100.0,4795.0,3205.0,2400.0,1965.0,3790.0,4890.0,4955.0,150.0,165.0,5445.0,355.0,455.0,5705.0,5110.0,4925.0,5040.0,5640.0,4435.0,6310.0,7985.0,8750.0,8235.0,6745.0,4465.0,3025.0,1150.0,830.0,2560.0,3074.0,34575.0,11200.0,5660.0,26910.0,3190.0,7180.0,6635.0,1500.0,6055.0,6005.0,9815.0,17535.0,420.0,245.0,2375.0,1450.0,2475.0
Centre Wellington,2545.0,1993.3333333333333,3290.0,2895.0,2675.0,2545.0,2245.0,1665.0,1140.0,1035.0,1670.0,1855.0,1765.0,500.0,425.0,1510.0,440.0,263.3333333333333,1595.0,1860.0,1910.0,1775.0,1800.0,1815.0,1950.0,2360.0,2285.0,2115.0,1865.0,1270.0,860.0,334.0,1695.0,805.0,966.0,14185.0,4651.666666666667,1375.0,5665.0,660.0,1460.0,1600.0,250.0,835.0,1180.0,3950.0,6280.0,125.0,150.0,1040.0,355.0,410.0
Charlottetown,6790.0,2878.3333333333335,10355.0,9675.0,7920.0,6405.0,4750.0,3235.0,2550.0,1865.0,3510.0,4655.0,4390.0,435.0,460.0,6380.0,1235.0,3451.6666666666665,5280.0,4960.0,4905.0,4910.0,4910.0,4240.0,4955.0,5385.0,5135.0,4920.0,4260.0,2665.0,1710.0,680.0,1065.0,2223.3333333333335,2670.0,30760.0,9960.0,3630.0,19975.0,1720.0,3700.0,4645.0,735.0,2605.0,2466.6666666666665,12820.0,16310.0,490.0,640.0,4165.0,960.0,1910.0
Chatham-Kent,11255.0,3773.3333333333335,13920.0,12145.0,10565.0,8135.0,5895.0,4140.0,2865.0,2185.0,5075.0,5875.0,5810.0,1245.0,1100.0,5520.0,1520.0,955.0,5485.0,5630.0,5970.0,5675.0,5805.0,5670.0,6405.0,8125.0,8675.0,7735.0,6505.0,4445.0,2960.0,1179.0,3940.0,2935.0,3525.0,41945.0,13653.333333333334,5890.0,21930.0,2795.0,6325.0,6495.0,1190.0,4000.0,3666.6666666666665,8260.0,21840.0,225.0,150.0,1605.0,820.0,1200.0
Chilliwack,11155.0,5058.333333333333,14200.0,11780.0,10215.0,8225.0,6355.0,4775.0,3610.0,3020.0,6395.0,7130.0,6520.0,1930.0,2265.0,5640.0,2930.0,2276.6666666666665,6345.0,7000.0,7615.0,6620.0,6570.0,6860.0,6945.0,7810.0,8075.0,7200.0,6530.0,4625.0,2985.0,1158.0,5655.0,3020.0,3624.0,46350.0,15080.0,6455.0,23020.0,2865.0,5625.0,7570.0,1205.0,3825.0,6086.666666666667,8995.0,16090.0,385.0,375.0,2600.0,1375.0,4275.0
Cobourg,2120.0,1036.6666666666667,2690.0,2360.0,2085.0,1630.0,1215.0,925.0,635.0,515.0,760.0,930.0,965.0,290.0,180.0,835.0,170.0,200.0,895.0,1015.0,1085.0,965.0,985.0,845.0,1055.0,1510.0,1680.0,1735.0,1805.0,1300.0,1010.0,456.0,1610.0,650.0,778.0,8250.0,2680.0,1445.0,3870.0,600.0,1865.0,1060.0,195.0,880.0,730.0,2390.0,4315.0,60.0,150.0,625.0,255.0,270.0
Collingwood,2325.0,1590.0,3350.0,2845.0,2415.0,1885.0,1475.0,1160.0,815.0,650.0,970.0,1205.0,1165.0,385.0,320.0,1060.0,425.0,293.3333333333333,1260.0,1350.0,1325.0,1315.0,1420.0,1120.0,1350.0,1740.0,2095.0,2085.0,1930.0,1395.0,950.0,431.0,1635.0,803.3333333333334,964.0,9865.0,3200.0,1765.0,4930.0,780.0,1760.0,1270.0,240.0,890.0,698.3333333333334,3915.0,4740.0,185.0,85.0,935.0,405.0,425.0
Corner Brook,3260.0,1085.0,4235.0,3655.0,3260.0,2420.0,1485.0,1065.0,900.0,725.0,1055.0,1380.0,1550.0,40.0,50.0,1610.0,120.0,173.33333333333334,1505.0,1585.0,1650.0,1790.0,1870.0,1330.0,2110.0,2410.0,2430.0,2325.0,2140.0,1395.0,885.0,296.0,190.0,920.0,1103.0,12360.0,4016.6666666666665,1730.0,6745.0,550.0,1865.0,1815.0,310.0,1215.0,1876.6666666666667,2960.0,6300.0,145.0,175.0,920.0,170.0,465.0
Cornwall,6990.0,1688.3333333333333,8845.0,7220.0,6375.0,4905.0,3450.0,2220.0,1520.0,1125.0,2970.0,3360.0,3035.0,395.0,680.0,3015.0,905.0,756.6666666666666,3670.0,3580.0,3365.0,3255.0,3275.0,3310.0,3540.0,4745.0,5050.0,4435.0,4000.0,2735.0,1990.0,834.0,1415.0,2140.0,2568.0,22020.0,7103.333333333333,3790.0,13415.0,1910.0,4225.0,3325.0,820.0,2675.0,2473.3333333333335,4375.0,12545.0,140.0,120.0,965.0,420.0,730.0
Courtenay,6170.0,2851.6666666666665,8525.0,7510.0,6310.0,5055.0,3880.0,3015.0,2085.0,1540.0,2435.0,3100.0,2855.0,965.0,755.0,2485.0,990.0,850.0,2815.0,3340.0,3840.0,3670.0,3550.0,3115.0,3590.0,4760.0,5405.0,5315.0,5035.0,3545.0,2245.0,874.0,4015.0,2271.6666666666665,2735.0,26020.0,8438.333333333334,4630.0,11975.0,1535.0,3640.0,3780.0,620.0,2075.0,3496.6666666666665,7530.0,11115.0,440.0,405.0,2930.0,935.0,1600.0
Cowansville,1655.0,330.0,2340.0,1875.0,1740.0,1170.0,780.0,545.0,360.0,200.0,725.0,790.0,720.0,50.0,35.0,625.0,100.0,50.0,810.0,825.0,875.0,895.0,790.0,770.0,855.0,1055.0,1215.0,1140.0,1130.0,810.0,575.0,255.0,220.0,1018.3333333333334,1222.0,3930.0,1205.0,1140.0,3745.0,180.0,900.0,660.0,180.0,560.0,1460.0,1050.0,1825.0,55.0,30.0,215.0,130.0,310.0
Cranbrook,2440.0,1655.0,3335.0,2930.0,2450.0,2050.0,1530.0,1190.0,895.0,735.0,1125.0,1550.0,1430.0,215.0,225.0,1435.0,340.0,376.6666666666667,1510.0,1590.0,1615.0,1570.0,1540.0,1340.0,1730.0,2065.0,2150.0,2075.0,1650.0,1175.0,775.0,286.0,970.0,901.6666666666666,1084.0,11170.0,3620.0,1585.0,5515.0,690.0,1350.0,1645.0,310.0,845.0,1751.6666666666667,2200.0,5085.0,190.0,65.0,680.0,165.0,550.0
Dawson Creek,1415.0,1200.0,1905.0,1695.0,1455.0,1240.0,1010.0,810.0,685.0,520.0,1120.0,1085.0,1045.0,130.0,135.0,1115.0,170.0,490.0,1290.0,1370.0,1345.0,1075.0,1050.0,1215.0,1045.0,1230.0,1170.0,925.0,695.0,450.0,320.0,128.0,350.0,620.0,746.0,6235.0,1988.3333333333333,885.0,4200.0,500.0,770.0,1045.0,220.0,665.0,1273.3333333333333,1250.0,2620.0,35.0,15.0,270.0,105.0,360.0
Dolbeau-Mistassini,1760.0,411.6666666666667,2230.0,1730.0,1580.0,1215.0,885.0,610.0,455.0,300.0,645.0,920.0,785.0,0.0,10.0,630.0,30.0,48.333333333333336,615.0,670.0,815.0,955.0,780.0,775.0,795.0,1260.0,1455.0,1270.0,1150.0,770.0,450.0,221.0,0.0,1116.6666666666667,1340.0,4290.0,1383.3333333333333,970.0,3215.0,155.0,980.0,810.0,170.0,410.0,2133.3333333333335,1030.0,1905.0,35.0,15.0,145.0,120.0,340.0
Drummondville,10670.0,2533.3333333333335,14780.0,11305.0,11410.0,8920.0,6010.0,3820.0,2845.0,1695.0,5215.0,6060.0,5415.0,220.0,405.0,5185.0,1025.0,1135.0,5610.0,5940.0,6075.0,7225.0,5940.0,5720.0,5840.0,7250.0,7485.0,7125.0,6215.0,4260.0,2625.0,967.0,350.0,7881.666666666667,9464.0,24190.0,7675.0,6425.0,25110.0,925.0,4300.0,4765.0,1315.0,3060.0,11245.0,7405.0,14515.0,335.0,170.0,1745.0,795.0,2435.0
Duncan,4895.0,1975.0,6330.0,5565.0,4670.0,3655.0,2590.0,2020.0,1480.0,1115.0,1970.0,2520.0,2350.0,705.0,475.0,2035.0,715.0,655.0,2100.0,2510.0,2750.0,2620.0,2565.0,2445.0,2845.0,3670.0,4095.0,4035.0,3645.0,2340.0,1575.0,604.0,2955.0,1606.6666666666667,1932.0,18735.0,6018.333333333333,3445.0,9640.0,1270.0,2730.0,3275.0,600.0,1740.0,2758.3333333333335,4490.0,7415.0,210.0,195.0,1520.0,485.0,1725.0
Edmonton,99090.0,100448.33333333333,160645.0,128455.0,111945.0,96120.0,82555.0,66815.0,52410.0,44640.0,83630.0,89160.0,80195.0,36605.0,45840.0,88185.0,84305.0,99670.0,99195.0,113995.0,116235.0,102840.0,90635.0,91040.0,85130.0,88310.0,85115.0,69870.0,52960.0,33995.0,23245.0,9758.0,47660.0,35760.0,42933.0,553770.0,178885.0,72600.0,340775.0,28595.0,51225.0,85855.0,14350.0,48450.0,66750.0,207315.0,202975.0,8975.0,11385.0,57165.0,15310.0,41025.0
Edmundston,2520.0,576.6666666666666,3460.0,2830.0,2525.0,1725.0,1075.0,820.0,635.0,330.0,715.0,1030.0,1010.0,35.0,55.0,950.0,100.0,206.66666666666666,955.0,1010.0,1150.0,1265.0,1360.0,840.0,1415.0,1890.0,2155.0,2000.0,1755.0,1090.0,740.0,330.0,215.0,1200.0,1443.0,7465.0,2410.0,1110.0,4895.0,730.0,1755.0,1265.0,230.0,640.0,1556.6666666666667,2115.0,3425.0,140.0,110.0,435.0,210.0,540.0
Elliot Lake,1755.0,316.6666666666667,2445.0,1450.0,1080.0,705.0,475.0,330.0,200.0,145.0,355.0,420.0,375.0,180.0,100.0,350.0,55.0,28.333333333333332,405.0,470.0,485.0,445.0,420.0,400.0,590.0,875.0,1240.0,1285.0,1320.0,910.0,590.0,172.0,805.0,408.3333333333333,490.0,4290.0,1403.3333333333333,1020.0,2105.0,415.0,1135.0,720.0,140.0,430.0,595.0,775.0,2260.0,45.0,20.0,155.0,75.0,125.0
Essa,1810.0,1220.0,2255.0,1895.0,1910.0,1690.0,1660.0,1365.0,975.0,710.0,1455.0,1550.0,1345.0,415.0,550.0,1220.0,505.0,298.3333333333333,1465.0,1825.0,1915.0,1545.0,1540.0,1615.0,1560.0,1795.0,1410.0,1015.0,800.0,480.0,250.0,72.0,765.0,813.3333333333334,975.0,9240.0,3046.6666666666665,905.0,4525.0,570.0,660.0,1390.0,270.0,655.0,1000.0,2015.0,4455.0,40.0,40.0,490.0,180.0,310.0
Estevan,850.0,1086.6666666666667,1205.0,1115.0,1105.0,875.0,745.0,595.0,515.0,405.0,760.0,840.0,775.0,25.0,75.0,655.0,275.0,595.0,810.0,950.0,945.0,905.0,805.0,825.0,750.0,920.0,830.0,695.0,460.0,350.0,230.0,118.0,75.0,368.3333333333333,444.0,5205.0,1693.3333333333333,555.0,2660.0,270.0,575.0,730.0,140.0,365.0,850.0,1065.0,1575.0,15.0,0.0,130.0,70.0,225.0
Fort St. John,1755.0,2698.3333333333335,2415.0,2160.0,2115.0,1845.0,1640.0,1345.0,1185.0,1085.0,2085.0,2020.0,1730.0,135.0,275.0,1980.0,580.0,1083.3333333333333,2520.0,2610.0,2465.0,2025.0,1755.0,2000.0,1675.0,1675.0,1470.0,1075.0,670.0,445.0,295.0,96.0,410.0,1106.6666666666667,1328.0,9965.0,3218.3333333333335,1220.0,6685.0,720.0,725.0,1900.0,335.0,890.0,1986.6666666666667,2380.0,3480.0,80.0,60.0,500.0,250.0,570.0
Fredericton,9760.0,4823.333333333333,13405.0,11855.0,10955.0,8350.0,6630.0,5180.0,4005.0,2760.0,5020.0,6005.0,5995.0,480.0,805.0,7735.0,1625.0,3251.6666666666665,7225.0,7045.0,7345.0,7000.0,7010.0,6005.0,6950.0,7755.0,7160.0,6485.0,5550.0,3715.0,2480.0,853.0,1725.0,3623.3333333333335,4347.0,42930.0,14051.666666666666,5250.0,25080.0,2680.0,4780.0,6785.0,1080.0,3625.0,3631.6666666666665,19120.0,17595.0,610.0,1415.0,6385.0,1230.0,1560.0
Gander,1360.0,706.6666666666666,1655.0,1495.0,1275.0,930.0,715.0,560.0,420.0,395.0,565.0,780.0,800.0,0.0,15.0,670.0,60.0,128.33333333333334,645.0,780.0,835.0,800.0,980.0,675.0,1070.0,980.0,960.0,805.0,775.0,505.0,405.0,152.0,35.0,450.0,541.0,5745.0,1873.3333333333333,610.0,2610.0,245.0,830.0,820.0,135.0,460.0,748.3333333333334,1035.0,3225.0,110.0,20.0,370.0,90.0,210.0
Granby,8915.0,3183.3333333333335,12740.0,10290.0,9865.0,7855.0,5595.0,3875.0,2710.0,1785.0,4215.0,5225.0,4535.0,275.0,475.0,3965.0,1310.0,1086.6666666666667,4525.0,4915.0,5235.0,5755.0,5100.0,5005.0,5355.0,7185.0,7900.0,6865.0,5870.0,4150.0,2565.0,989.0,725.0,7080.0,8496.0,22805.0,7338.333333333333,6235.0,20580.0,915.0,4615.0,4240.0,1200.0,2715.0,8403.333333333334,7660.0,12570.0,380.0,280.0,2200.0,1140.0,2480.0
Grand Falls-Windsor,1625.0,516.6666666666666,2100.0,1675.0,1460.0,955.0,645.0,425.0,280.0,365.0,545.0,760.0,725.0,25.0,20.0,675.0,40.0,60.0,620.0,680.0,755.0,850.0,890.0,625.0,990.0,1090.0,1180.0,1080.0,910.0,640.0,505.0,133.0,90.0,411.6666666666667,494.0,5935.0,1936.6666666666667,760.0,2800.0,285.0,910.0,1005.0,165.0,560.0,828.3333333333334,1100.0,2935.0,100.0,10.0,355.0,80.0,175.0
Grande Prairie,3490.0,4878.333333333333,6205.0,5805.0,4905.0,4360.0,3730.0,3015.0,2540.0,2310.0,4680.0,4505.0,3800.0,455.0,810.0,4115.0,1510.0,3243.3333333333335,5330.0,6050.0,6080.0,4860.0,4150.0,4790.0,3335.0,3480.0,3045.0,2295.0,1405.0,900.0,600.0,288.0,710.0,2433.3333333333335,2920.0,21280.0,6863.333333333333,3180.0,14980.0,1560.0,1870.0,3325.0,810.0,2375.0,3860.0,6140.0,8970.0,175.0,100.0,1015.0,370.0,1385.0
Greater Sudbury / Grand Sudbury,15515.0,11535.0,18680.0,16605.0,16035.0,13620.0,10715.0,8060.0,5960.0,4930.0,7740.0,9385.0,9040.0,750.0,870.0,10675.0,1310.0,1845.0,10990.0,10585.0,10490.0,10410.0,10565.0,9215.0,10870.0,13300.0,12630.0,10680.0,8890.0,6215.0,4440.0,1790.0,4290.0,6478.333333333333,7774.0,62110.0,20206.666666666668,8585.0,39170.0,5035.0,9915.0,9520.0,2125.0,6625.0,6760.0,19195.0,39875.0,645.0,910.0,4395.0,1750.0,1895.0
Guelph,14700.0,10990.0,18315.0,15420.0,14320.0,13135.0,10475.0,7690.0,6050.0,4870.0,8345.0,9345.0,9795.0,4315.0,6210.0,11725.0,7645.0,6985.0,12035.0,11945.0,11520.0,10565.0,10680.0,9245.0,10760.0,11435.0,10235.0,8355.0,7165.0,4995.0,3495.0,1578.0,8450.0,4843.333333333333,5814.0,65195.0,21073.333333333332,8010.0,40275.0,3705.0,6935.0,10190.0,1515.0,5450.0,4043.3333333333335,28395.0,26860.0,1075.0,2925.0,10140.0,2400.0,2420.0
Halifax,42110.0,23925.0,57700.0,49810.0,44225.0,35475.0,27905.0,21980.0,18695.0,13835.0,21030.0,24195.0,23330.0,3550.0,4920.0,33365.0,9175.0,16733.333333333332,36205.0,34790.0,32335.0,29970.0,29485.0,24120.0,30110.0,34180.0,31710.0,26525.0,22415.0,14655.0,9035.0,3296.0,8740.0,16613.333333333332,19938.0,173360.0,56476.666666666664,23070.0,119955.0,10815.0,19315.0,30610.0,4350.0,16830.0,18141.666666666668,83785.0,78400.0,3110.0,4685.0,28850.0,7460.0,9685.0
Hamilton,73075.0,51288.333333333336,93210.0,76555.0,66850.0,55270.0,44940.0,35430.0,27630.0,22535.0,39045.0,44180.0,44550.0,22965.0,33875.0,47580.0,38275.0,30910.0,51275.0,53585.0,52920.0,49540.0,49325.0,42585.0,51860.0,56825.0,52270.0,43570.0,38015.0,27110.0,19310.0,8651.0,56360.0,19578.333333333332,23503.0,311810.0,101005.0,40755.0,189600.0,19340.0,39110.0,50305.0,8065.0,31230.0,22895.0,119565.0,143125.0,5380.0,6720.0,36995.0,10870.0,13790.0
Hawkesbury,1605.0,243.33333333333334,2210.0,1545.0,1250.0,875.0,590.0,435.0,245.0,180.0,430.0,565.0,540.0,50.0,95.0,470.0,135.0,130.0,635.0,555.0,550.0,550.0,660.0,475.0,750.0,1015.0,1070.0,1150.0,925.0,780.0,425.0,181.0,155.0,600.0,720.0,3355.0,1085.0,960.0,2965.0,390.0,1065.0,625.0,170.0,605.0,726.6666666666666,575.0,1720.0,35.0,25.0,190.0,70.0,235.0
Hawkesbury (Ontario part),1405.0,215.0,1890.0,1300.0,1040.0,735.0,495.0,370.0,205.0,145.0,335.0,465.0,450.0,50.0,95.0,390.0,100.0,125.0,530.0,440.0,465.0,445.0,570.0,390.0,645.0,900.0,920.0,1005.0,795.0,660.0,375.0,166.0,155.0,483.3333333333333,580.0,2920.0,940.0,815.0,2525.0,355.0,940.0,525.0,145.0,505.0,533.3333333333334,495.0,1535.0,25.0,25.0,155.0,70.0,195.0
Hawkesbury (Quebec part),200.0,26.666666666666668,325.0,245.0,215.0,140.0,95.0,70.0,45.0,30.0,90.0,100.0,85.0,0.0,0.0,85.0,35.0,0.0,110.0,120.0,80.0,105.0,90.0,80.0,105.0,120.0,150.0,140.0,130.0,120.0,50.0,15.0,0.0,118.33333333333333,139.0,435.0,145.0,150.0,445.0,35.0,130.0,105.0,30.0,100.0,193.33333333333334,80.0,185.0,10.0,0.0,35.0,0.0,35.0
High River,1185.0,616.6666666666666,1925.0,1445.0,1270.0,1060.0,990.0,645.0,495.0,360.0,675.0,970.0,940.0,140.0,160.0,620.0,310.0,1058.3333333333333,630.0,730.0,865.0,975.0,855.0,800.0,805.0,920.0,1000.0,945.0,985.0,735.0,470.0,159.0,450.0,336.6666666666667,404.0,6180.0,2006.6666666666667,915.0,2630.0,360.0,770.0,880.0,140.0,480.0,830.0,1335.0,2395.0,30.0,20.0,285.0,105.0,420.0
Ingersoll,1155.0,571.6666666666666,1465.0,1355.0,1400.0,1220.0,895.0,735.0,490.0,360.0,790.0,920.0,780.0,105.0,120.0,750.0,160.0,103.33333333333333,835.0,895.0,970.0,820.0,865.0,790.0,885.0,1040.0,1010.0,745.0,605.0,405.0,270.0,124.0,490.0,465.0,557.0,5395.0,1773.3333333333333,690.0,2700.0,395.0,625.0,760.0,160.0,535.0,501.6666666666667,1000.0,2940.0,15.0,25.0,180.0,80.0,155.0
Joliette,5620.0,1521.6666666666667,8090.0,6020.0,5615.0,4170.0,2885.0,2055.0,1680.0,965.0,2380.0,2710.0,2330.0,190.0,265.0,2405.0,505.0,570.0,2855.0,2960.0,2940.0,3005.0,2690.0,2550.0,2795.0,3655.0,4265.0,4130.0,3710.0,3080.0,2075.0,866.0,295.0,3758.3333333333335,4509.0,12320.0,3910.0,3875.0,13520.0,570.0,3505.0,2425.0,640.0,1950.0,5226.666666666667,4280.0,6975.0,300.0,130.0,960.0,525.0,1410.0
Kamloops,10220.0,7046.666666666667,13530.0,11625.0,10165.0,8700.0,6695.0,5035.0,4095.0,3185.0,5055.0,6080.0,5890.0,1095.0,1235.0,6940.0,1650.0,1736.6666666666667,7680.0,7745.0,7800.0,6715.0,6630.0,5835.0,7135.0,8015.0,8500.0,7355.0,6390.0,4345.0,3010.0,1210.0,4240.0,4041.6666666666665,4855.0,43735.0,14051.666666666666,6800.0,26045.0,2925.0,5525.0,7295.0,1160.0,3740.0,6910.0,12250.0,16400.0,565.0,495.0,3570.0,1430.0,4570.0
Kawartha Lakes,8700.0,3708.3333333333335,10900.0,8605.0,7750.0,6205.0,4540.0,3445.0,2500.0,1965.0,3395.0,3610.0,3420.0,755.0,610.0,3655.0,545.0,288.3333333333333,4060.0,4275.0,4215.0,3900.0,3955.0,3530.0,4810.0,6770.0,7295.0,6995.0,5950.0,4215.0,2600.0,1039.0,3760.0,2755.0,3307.0,34145.0,11146.666666666666,4205.0,14875.0,2100.0,5115.0,4770.0,845.0,2480.0,3613.3333333333335,6580.0,17330.0,220.0,180.0,1305.0,700.0,920.0
Kelowna,20960.0,13060.0,28835.0,24570.0,21275.0,17455.0,13265.0,10190.0,7780.0,5855.0,8985.0,11110.0,11075.0,3545.0,4175.0,13605.0,5850.0,5063.333333333333,14435.0,14715.0,14765.0,13185.0,12870.0,10515.0,13620.0,16125.0,17005.0,15050.0,13115.0,9065.0,6405.0,2609.0,10415.0,7250.0,8705.0,91060.0,29573.333333333332,13995.0,48920.0,5035.0,10770.0,13860.0,2070.0,6495.0,12035.0,27785.0,40595.0,1345.0,1555.0,8555.0,2905.0,6360.0
Kenora,1245.0,891.6666666666666,1505.0,1395.0,1330.0,1385.0,1105.0,885.0,645.0,460.0,695.0,825.0,745.0,75.0,60.0,790.0,65.0,86.66666666666667,960.0,1000.0,890.0,915.0,875.0,770.0,890.0,1165.0,1260.0,1025.0,845.0,505.0,375.0,173.0,315.0,576.6666666666666,693.0,5425.0,1766.6666666666667,885.0,3400.0,350.0,880.0,755.0,200.0,540.0,633.3333333333334,1755.0,2935.0,55.0,15.0,290.0,205.0,210.0
Kentville,3060.0,780.0,4125.0,3235.0,2815.0,1995.0,1340.0,1025.0,790.0,540.0,1095.0,1410.0,1415.0,115.0,135.0,1460.0,180.0,320.0,1405.0,1525.0,1460.0,1615.0,1625.0,1340.0,1875.0,2170.0,2255.0,1975.0,1740.0,1170.0,710.0,275.0,490.0,926.6666666666666,1111.0,10665.0,3480.0,1685.0,5740.0,750.0,1465.0,1915.0,295.0,1120.0,1190.0,3335.0,5350.0,190.0,185.0,1030.0,265.0,435.0
Kingston,16470.0,9853.333333333334,19995.0,17770.0,15570.0,13050.0,10830.0,8410.0,6265.0,5050.0,7635.0,8810.0,9225.0,2205.0,2465.0,11755.0,3475.0,2966.6666666666665,12155.0,11685.0,10835.0,10110.0,9550.0,8365.0,10595.0,12720.0,12145.0,10990.0,9710.0,6840.0,4675.0,1899.0,7700.0,5860.0,7033.0,64455.0,20908.333333333332,9655.0,42630.0,4370.0,9035.0,10320.0,1815.0,6150.0,4923.333333333333,23735.0,34715.0,1610.0,3475.0,9685.0,1655.0,2365.0
Kitchener - Cambridge - Waterloo,52140.0,33643.333333333336,66200.0,55525.0,50035.0,43130.0,33670.0,25610.0,19165.0,15225.0,30730.0,34590.0,34735.0,16865.0,25005.0,41905.0,31495.0,29728.333333333332,45370.0,43105.0,40825.0,37315.0,36335.0,33275.0,36440.0,37915.0,33595.0,27730.0,23265.0,16090.0,11070.0,4622.0,28615.0,14453.333333333334,17351.0,229055.0,74146.66666666667,25750.0,142985.0,13455.0,22630.0,37945.0,5360.0,20040.0,16106.666666666666,88715.0,95295.0,2730.0,6275.0,30080.0,7710.0,9005.0
Lachute,1685.0,270.0,2405.0,1760.0,1400.0,1065.0,745.0,425.0,325.0,210.0,670.0,690.0,650.0,50.0,30.0,605.0,60.0,35.0,745.0,790.0,725.0,770.0,680.0,640.0,795.0,1180.0,1185.0,1115.0,920.0,855.0,515.0,230.0,130.0,926.6666666666666,1114.0,3220.0,1025.0,1160.0,3515.0,230.0,1190.0,680.0,205.0,640.0,1560.0,690.0,1475.0,35.0,10.0,130.0,45.0,255.0
Lacombe,1080.0,740.0,1595.0,1205.0,1020.0,905.0,785.0,635.0,465.0,390.0,750.0,980.0,875.0,125.0,140.0,760.0,270.0,483.3333333333333,725.0,860.0,930.0,850.0,790.0,900.0,740.0,890.0,830.0,755.0,630.0,445.0,315.0,149.0,290.0,286.6666666666667,343.0,5595.0,1820.0,745.0,2590.0,335.0,635.0,835.0,125.0,445.0,746.6666666666666,1425.0,2090.0,40.0,85.0,385.0,65.0,275.0
Ladysmith,1560.0,706.6666666666666,2055.0,1755.0,1525.0,1170.0,900.0,665.0,525.0,385.0,600.0,795.0,730.0,160.0,165.0,575.0,245.0,66.66666666666667,645.0,735.0,865.0,805.0,755.0,760.0,970.0,1210.0,1405.0,1515.0,1340.0,845.0,500.0,185.0,1040.0,568.3333333333334,682.0,6715.0,2193.3333333333335,995.0,2750.0,320.0,860.0,1205.0,190.0,460.0,955.0,1510.0,2610.0,60.0,95.0,540.0,250.0,560.0
Lethbridge,9465.0,6098.333333333333,15985.0,12280.0,10605.0,8820.0,7180.0,5665.0,4085.0,3295.0,7450.0,8090.0,7380.0,1435.0,1555.0,9255.0,3645.0,4453.333333333333,8915.0,8835.0,8550.0,7725.0,6920.0,8005.0,6545.0,7245.0,7560.0,6675.0,5480.0,3805.0,2595.0,1121.0,4070.0,3150.0,3782.0,48345.0,15578.333333333334,6965.0,28365.0,2160.0,5020.0,6835.0,1160.0,3820.0,5565.0,13995.0,20360.0,590.0,1075.0,3495.0,845.0,1830.0
Lloydminster,2340.0,2333.3333333333335,3445.0,3325.0,3070.0,2580.0,2040.0,1675.0,1250.0,1075.0,2545.0,2815.0,2485.0,145.0,225.0,2155.0,1120.0,1938.3333333333333,2280.0,2850.0,3120.0,2870.0,2375.0,2790.0,2050.0,2085.0,1880.0,1485.0,1055.0,675.0,465.0,208.0,225.0,971.6666666666666,1167.0,13770.0,4468.333333333333,1560.0,8170.0,805.0,1140.0,2095.0,385.0,1305.0,2125.0,3170.0,5670.0,170.0,45.0,495.0,180.0,765.0
Lloydminster (Alberta part),1225.0,1555.0,1905.0,1735.0,1495.0,1270.0,1070.0,880.0,685.0,605.0,1295.0,1465.0,1345.0,105.0,175.0,1040.0,540.0,780.0,1075.0,1435.0,1595.0,1545.0,1310.0,1420.0,1185.0,1205.0,1085.0,890.0,660.0,440.0,320.0,171.0,145.0,460.0,557.0,7785.0,2511.6666666666665,900.0,4325.0,425.0,735.0,1105.0,185.0,675.0,1151.6666666666667,1895.0,3315.0,110.0,25.0,320.0,75.0,455.0
Lloydminster (Saskatchewan part),1115.0,776.6666666666666,1545.0,1590.0,1570.0,1315.0,970.0,790.0,565.0,470.0,1250.0,1355.0,1135.0,35.0,45.0,1120.0,580.0,1156.6666666666667,1205.0,1415.0,1525.0,1330.0,1065.0,1365.0,865.0,875.0,800.0,595.0,395.0,235.0,145.0,39.0,80.0,506.6666666666667,612.0,5990.0,1956.6666666666667,660.0,3845.0,380.0,405.0,995.0,205.0,630.0,971.6666666666666,1270.0,2360.0,50.0,25.0,180.0,100.0,310.0
London,53035.0,26655.0,67010.0,56225.0,50220.0,41540.0,31550.0,23320.0,16655.0,12690.0,27030.0,31965.0,30980.0,13830.0,17085.0,36875.0,22335.0,23033.333333333332,39980.0,37535.0,36210.0,33440.0,32250.0,30720.0,33100.0,37505.0,35720.0,30440.0,26330.0,18090.0,12260.0,5247.0,27795.0,14903.333333333334,17889.0,205660.0,66740.0,28660.0,135225.0,14375.0,25195.0,34800.0,5405.0,21075.0,15273.333333333334,75245.0,104775.0,4465.0,5950.0,24340.0,8585.0,8855.0
Matane,2265.0,461.6666666666667,3085.0,2180.0,2130.0,1560.0,1015.0,685.0,515.0,320.0,645.0,905.0,845.0,20.0,15.0,845.0,75.0,45.0,740.0,865.0,925.0,1090.0,1015.0,820.0,970.0,1495.0,1830.0,1720.0,1545.0,1060.0,605.0,222.0,40.0,1465.0,1760.0,4645.0,1498.3333333333333,1190.0,4625.0,190.0,1060.0,975.0,220.0,540.0,2135.0,1295.0,2765.0,60.0,15.0,265.0,145.0,440.0
Medicine Hat,5945.0,4223.333333333333,10125.0,8070.0,6795.0,5280.0,4390.0,3225.0,2385.0,2010.0,3770.0,4950.0,4430.0,515.0,870.0,4095.0,1480.0,1843.3333333333333,4015.0,4780.0,5280.0,5205.0,4560.0,4580.0,4545.0,5240.0,5680.0,5100.0,3835.0,2610.0,1770.0,774.0,1590.0,2031.6666666666667,2439.0,31195.0,10091.666666666666,4935.0,15355.0,1625.0,3870.0,4455.0,820.0,2675.0,4320.0,6455.0,13105.0,270.0,230.0,1480.0,340.0,1410.0
Midland,3185.0,955.0,4210.0,3280.0,2575.0,2115.0,1555.0,1145.0,705.0,550.0,1075.0,1195.0,1250.0,290.0,185.0,1300.0,320.0,215.0,1545.0,1680.0,1555.0,1365.0,1515.0,1215.0,1540.0,2240.0,2460.0,2315.0,2010.0,1445.0,955.0,492.0,1140.0,958.3333333333334,1151.0,10255.0,3300.0,1940.0,6255.0,895.0,2180.0,1550.0,340.0,1245.0,1038.3333333333333,2375.0,5750.0,40.0,65.0,550.0,270.0,295.0
Miramichi,2925.0,698.3333333333334,4235.0,3490.0,2960.0,2155.0,1545.0,1110.0,895.0,610.0,1020.0,1365.0,1355.0,65.0,70.0,1385.0,145.0,223.33333333333334,1320.0,1325.0,1385.0,1520.0,1860.0,1305.0,1990.0,2260.0,2315.0,2335.0,2015.0,1245.0,855.0,294.0,250.0,745.0,896.0,11290.0,3691.6666666666665,1440.0,6105.0,865.0,1960.0,1715.0,335.0,1225.0,1373.3333333333333,2445.0,6070.0,50.0,35.0,660.0,280.0,350.0
Moncton,14510.0,5615.0,20150.0,19060.0,17400.0,12830.0,9045.0,6515.0,4975.0,3455.0,7020.0,8915.0,8220.0,515.0,615.0,9595.0,1905.0,5678.333333333333,9955.0,10305.0,11085.0,10965.0,10905.0,8550.0,10170.0,10975.0,10390.0,9555.0,8420.0,5570.0,3535.0,1438.0,1790.0,6103.333333333333,7327.0,58520.0,19058.333333333332,7960.0,37275.0,4210.0,6960.0,9275.0,1545.0,5350.0,5338.333333333333,21055.0,32730.0,755.0,840.0,5765.0,1975.0,2725.0
Montréal,393285.0,214856.66666666666,557005.0,438305.0,400670.0,323005.0,242085.0,182815.0,146245.0,103945.0,218830.0,254360.0,227955.0,110220.0,166745.0,257910.0,262345.0,214625.0,291650.0,292510.0,298010.0,306385.0,280350.0,248540.0,274265.0,292705.0,275775.0,229190.0,195680.0,145490.0,98200.0,41572.0,161700.0,226168.33333333334,271655.0,1242795.0,397578.3333333333,250730.0,1158910.0,61455.0,176980.0,258165.0,47590.0,159830.0,289830.0,615490.0,595210.0,26165.0,41015.0,237595.0,99770.0,142515.0
Moose Jaw,3025.0,1846.6666666666667,4230.0,3570.0,3280.0,2420.0,1955.0,1480.0,1140.0,970.0,1755.0,2295.0,2000.0,165.0,195.0,1820.0,575.0,1143.3333333333333,1960.0,2290.0,2385.0,2225.0,1970.0,2145.0,1860.0,2330.0,2525.0,2250.0,1790.0,1190.0,915.0,463.0,460.0,940.0,1129.0,13155.0,4256.666666666667,2220.0,7550.0,815.0,2120.0,1995.0,385.0,1330.0,2060.0,3290.0,5140.0,95.0,75.0,690.0,235.0,805.0
Nanaimo,11035.0,5335.0,15230.0,13295.0,11620.0,8990.0,6730.0,4980.0,3790.0,2810.0,4660.0,6070.0,5430.0,1950.0,1940.0,6330.0,2845.0,2653.3333333333335,6920.0,7320.0,7635.0,6795.0,6580.0,5660.0,7095.0,8150.0,8645.0,8645.0,7485.0,5195.0,3400.0,1375.0,6480.0,4071.6666666666665,4892.0,43455.0,13978.333333333334,8280.0,26035.0,2940.0,6125.0,7200.0,1315.0,4255.0,6271.666666666667,13625.0,17505.0,705.0,830.0,4920.0,1585.0,4680.0
Nelson,1820.0,908.3333333333334,2690.0,2280.0,1795.0,1490.0,1070.0,865.0,615.0,520.0,735.0,1055.0,910.0,215.0,240.0,765.0,495.0,445.0,1125.0,1330.0,1335.0,1410.0,1390.0,890.0,1205.0,1250.0,1455.0,1455.0,1215.0,705.0,425.0,186.0,955.0,843.3333333333334,1014.0,6610.0,2128.3333333333335,1330.0,4695.0,460.0,815.0,1155.0,215.0,615.0,985.0,3100.0,3360.0,165.0,145.0,1120.0,325.0,550.0
New Glasgow,3805.0,1010.0,5245.0,3980.0,3715.0,2710.0,1795.0,1250.0,885.0,685.0,1300.0,1945.0,1830.0,50.0,70.0,1695.0,140.0,230.0,1590.0,1650.0,1745.0,2030.0,2145.0,1650.0,2365.0,2815.0,2940.0,2785.0,2465.0,1540.0,950.0,376.0,375.0,1030.0,1236.0,13160.0,4290.0,2115.0,7760.0,1075.0,2305.0,2335.0,425.0,1640.0,1885.0,3100.0,6860.0,120.0,60.0,875.0,240.0,515.0
Norfolk,7335.0,2783.3333333333335,8895.0,7145.0,6365.0,5435.0,4115.0,3035.0,2275.0,1705.0,3165.0,3490.0,3465.0,1030.0,900.0,3190.0,860.0,535.0,3345.0,3695.0,3685.0,3470.0,3415.0,3640.0,4140.0,5405.0,5955.0,5730.0,4730.0,3205.0,1930.0,742.0,3490.0,2031.6666666666667,2437.0,29140.0,9496.666666666666,3490.0,12600.0,1740.0,4130.0,4060.0,700.0,2065.0,2935.0,5070.0,14250.0,175.0,110.0,1000.0,620.0,785.0
North Battleford,1560.0,813.3333333333334,2280.0,1910.0,1760.0,1500.0,1110.0,875.0,625.0,525.0,1220.0,1310.0,1275.0,90.0,90.0,1085.0,500.0,886.6666666666666,1095.0,1255.0,1300.0,1205.0,1085.0,1290.0,955.0,1195.0,1290.0,1170.0,890.0,640.0,470.0,259.0,180.0,458.3333333333333,550.0,6900.0,2220.0,1050.0,4725.0,380.0,1120.0,1030.0,225.0,950.0,996.6666666666666,1860.0,2710.0,80.0,20.0,365.0,165.0,515.0
North Bay,7690.0,3513.3333333333335,9350.0,7570.0,6730.0,5460.0,4425.0,3225.0,2300.0,1760.0,3115.0,3735.0,3720.0,380.0,385.0,4100.0,505.0,376.6666666666667,4225.0,4440.0,4420.0,4015.0,4205.0,3580.0,4485.0,5935.0,5870.0,4870.0,4145.0,2835.0,2090.0,780.0,1535.0,2556.6666666666665,3067.0,26945.0,8756.666666666666,4035.0,16235.0,2285.0,4140.0,4070.0,940.0,2705.0,2795.0,7830.0,17445.0,305.0,295.0,1640.0,795.0,800.0
Okotoks,2120.0,2760.0,2810.0,2365.0,2020.0,1765.0,1550.0,1255.0,1065.0,980.0,1650.0,2710.0,2490.0,410.0,350.0,1490.0,1055.0,895.0,1165.0,1620.0,2135.0,2400.0,2405.0,2215.0,2030.0,1790.0,1800.0,1515.0,1270.0,815.0,450.0,174.0,835.0,628.3333333333334,754.0,13490.0,4403.333333333333,1365.0,5620.0,625.0,855.0,2015.0,255.0,925.0,1480.0,3675.0,5245.0,135.0,95.0,780.0,295.0,605.0
Orillia,3550.0,1153.3333333333333,5020.0,4090.0,3370.0,2645.0,1860.0,1270.0,915.0,650.0,1550.0,1570.0,1600.0,375.0,400.0,1690.0,405.0,318.3333333333333,2175.0,2275.0,1970.0,1680.0,1720.0,1525.0,1900.0,2460.0,2620.0,2335.0,2110.0,1530.0,1210.0,596.0,1460.0,1216.6666666666667,1464.0,11085.0,3568.3333333333335,2520.0,7795.0,1175.0,2530.0,1705.0,420.0,1690.0,1110.0,3455.0,6670.0,150.0,110.0,765.0,345.0,515.0
Oshawa,36915.0,27773.333333333332,45570.0,37380.0,34185.0,28760.0,22985.0,18935.0,14755.0,12555.0,23510.0,27125.0,25290.0,10625.0,16420.0,24420.0,19475.0,14101.666666666666,25525.0,28640.0,29950.0,28225.0,27620.0,26210.0,27570.0,30260.0,25535.0,20145.0,17280.0,11715.0,7865.0,3369.0,24140.0,10646.666666666666,12779.0,162360.0,52926.666666666664,20045.0,96305.0,10580.0,17235.0,26440.0,4790.0,17775.0,12730.0,54180.0,84135.0,1355.0,1455.0,14895.0,4790.0,6510.0
Ottawa - Gatineau,119405.0,121755.0,147010.0,122850.0,112950.0,103025.0,93830.0,78370.0,65490.0,52665.0,74165.0,90350.0,85865.0,34740.0,60105.0,95515.0,70535.0,65726.66666666667,101490.0,101450.0,101965.0,97820.0,96800.0,86825.0,97960.0,107175.0,97735.0,80115.0,67345.0,45455.0,29605.0,12264.0,49870.0,52123.333333333336,62580.0,542430.0,175500.0,74805.0,373635.0,31235.0,58410.0,88990.0,15245.0,52010.0,46588.333333333336,269590.0,235770.0,9560.0,21900.0,114980.0,25900.0,27740.0
Ottawa - Gatineau (Ontario part),91435.0,101293.33333333333,110570.0,91940.0,82245.0,74965.0,68800.0,58635.0,49825.0,41080.0,55070.0,67655.0,66645.0,30850.0,52770.0,75880.0,57480.0,53481.666666666664,78860.0,77695.0,77215.0,72930.0,73650.0,64320.0,74835.0,81190.0,73085.0,60450.0,52025.0,35170.0,23545.0,9918.0,45745.0,32146.666666666668,38605.0,441320.0,142813.33333333334,53970.0,285990.0,25715.0,44455.0,70840.0,10465.0,38265.0,24333.333333333332,222420.0,184580.0,8340.0,19015.0,95410.0,19875.0,19060.0
Ottawa - Gatineau (Quebec part),27965.0,20456.666666666668,36445.0,30910.0,30705.0,28055.0,25025.0,19735.0,15665.0,11580.0,19095.0,22695.0,19220.0,3895.0,7340.0,19635.0,13055.0,12246.666666666666,22630.0,23755.0,24750.0,24895.0,23150.0,22505.0,23125.0,25985.0,24650.0,19665.0,15325.0,10280.0,6065.0,2345.0,4125.0,19976.666666666668,23973.0,101105.0,32686.666666666668,20840.0,87640.0,5515.0,13950.0,18150.0,4785.0,13745.0,22251.666666666668,47165.0,51190.0,1220.0,2885.0,19570.0,6025.0,8680.0
Owen Sound,3635.0,1403.3333333333333,4595.0,3810.0,3275.0,2490.0,1890.0,1330.0,865.0,705.0,1400.0,1655.0,1610.0,275.0,250.0,1590.0,300.0,278.3333333333333,1710.0,1845.0,1810.0,1740.0,1665.0,1605.0,1935.0,2565.0,2785.0,2550.0,2290.0,1570.0,1075.0,518.0,1095.0,1043.3333333333333,1256.0,12995.0,4215.0,1995.0,6775.0,895.0,2260.0,1850.0,350.0,1230.0,1185.0,3175.0,6890.0,180.0,90.0,890.0,310.0,350.0
Parksville,3415.0,1401.6666666666667,4855.0,3955.0,3405.0,2590.0,1905.0,1425.0,960.0,695.0,700.0,970.0,1000.0,560.0,305.0,820.0,475.0,303.3333333333333,825.0,920.0,1135.0,1160.0,1270.0,985.0,1455.0,2185.0,3040.0,3605.0,4075.0,3100.0,1965.0,738.0,3530.0,915.0,1100.0,15900.0,5141.666666666667,2285.0,4210.0,650.0,2605.0,1655.0,220.0,815.0,1865.0,3570.0,6310.0,135.0,240.0,1320.0,475.0,1190.0
Pembroke,2600.0,961.6666666666666,3115.0,2575.0,2165.0,1900.0,1480.0,1070.0,750.0,565.0,1170.0,1220.0,1190.0,120.0,145.0,1250.0,125.0,90.0,1475.0,1435.0,1440.0,1240.0,1270.0,1175.0,1380.0,1900.0,1890.0,1655.0,1410.0,1050.0,755.0,359.0,435.0,795.0,953.0,8855.0,2871.6666666666665,1355.0,5225.0,680.0,1755.0,1290.0,300.0,990.0,906.6666666666666,1740.0,5310.0,115.0,70.0,510.0,135.0,285.0
Penticton,4930.0,2025.0,7310.0,5825.0,4990.0,3840.0,2870.0,1935.0,1450.0,1000.0,1600.0,2045.0,2000.0,750.0,710.0,1890.0,695.0,686.6666666666666,2090.0,2475.0,2675.0,2530.0,2535.0,1850.0,2815.0,3760.0,4540.0,4105.0,3590.0,2700.0,1950.0,892.0,2950.0,1598.3333333333333,1920.0,19115.0,6178.333333333333,3860.0,9260.0,1375.0,3480.0,2800.0,485.0,1615.0,2698.3333333333335,4570.0,8750.0,280.0,310.0,1365.0,525.0,1305.0
Petawawa,1170.0,870.0,1225.0,1160.0,1145.0,1275.0,1635.0,1540.0,1060.0,615.0,1400.0,1090.0,915.0,110.0,175.0,1365.0,285.0,190.0,2020.0,2050.0,1595.0,1125.0,920.0,1465.0,865.0,925.0,720.0,565.0,505.0,280.0,210.0,64.0,210.0,708.3333333333334,851.0,6670.0,2170.0,645.0,3890.0,475.0,400.0,815.0,180.0,415.0,613.3333333333334,1590.0,3610.0,45.0,80.0,430.0,135.0,155.0
Peterborough,13705.0,6256.666666666667,17400.0,14185.0,12505.0,9570.0,7100.0,5380.0,3910.0,3050.0,5710.0,6585.0,6405.0,1230.0,1260.0,7975.0,1590.0,1395.0,8035.0,7890.0,7795.0,6775.0,6775.0,6635.0,7320.0,9230.0,9960.0,9245.0,8255.0,5760.0,3865.0,1766.0,4805.0,4258.333333333333,5110.0,49115.0,15935.0,7400.0,29275.0,3465.0,7665.0,7575.0,1320.0,4895.0,4186.666666666667,16385.0,27815.0,605.0,845.0,4195.0,1550.0,1625.0
Port Alberni,2970.0,823.3333333333334,3770.0,3295.0,2580.0,1960.0,1465.0,1030.0,785.0,525.0,1000.0,1330.0,1245.0,235.0,145.0,1045.0,200.0,198.33333333333334,1245.0,1415.0,1445.0,1400.0,1425.0,1270.0,1605.0,2070.0,2305.0,2220.0,1885.0,1345.0,805.0,298.0,1490.0,953.3333333333334,1143.0,9630.0,3120.0,1960.0,5425.0,690.0,1625.0,1645.0,355.0,1035.0,1811.6666666666667,1655.0,4160.0,80.0,45.0,435.0,195.0,700.0
Port Hope,1745.0,1033.3333333333333,2100.0,1805.0,1675.0,1435.0,1090.0,865.0,595.0,475.0,685.0,795.0,800.0,195.0,190.0,745.0,150.0,45.0,925.0,1025.0,970.0,880.0,890.0,730.0,1060.0,1485.0,1465.0,1405.0,1355.0,920.0,540.0,246.0,1120.0,626.6666666666666,752.0,7160.0,2333.3333333333335,1025.0,3435.0,470.0,1110.0,980.0,185.0,645.0,663.3333333333334,1985.0,3625.0,40.0,85.0,455.0,200.0,335.0
Portage la Prairie,1150.0,401.6666666666667,1705.0,1465.0,1250.0,1090.0,795.0,520.0,415.0,295.0,765.0,820.0,800.0,65.0,45.0,805.0,190.0,486.6666666666667,795.0,925.0,815.0,715.0,700.0,890.0,750.0,895.0,925.0,765.0,650.0,490.0,345.0,165.0,160.0,323.3333333333333,388.0,4560.0,1456.6666666666667,720.0,3490.0,275.0,780.0,775.0,160.0,680.0,556.6666666666666,1230.0,2115.0,30.0,15.0,235.0,130.0,240.0
Powell River,1995.0,618.3333333333334,2695.0,2375.0,1860.0,1440.0,975.0,630.0,470.0,365.0,625.0,815.0,825.0,275.0,145.0,630.0,190.0,266.6666666666667,695.0,830.0,975.0,925.0,905.0,785.0,1085.0,1440.0,1725.0,1720.0,1505.0,1015.0,670.0,270.0,1270.0,660.0,792.0,7265.0,2346.6666666666665,1280.0,3425.0,455.0,1195.0,1195.0,185.0,520.0,1341.6666666666667,1495.0,3110.0,80.0,115.0,515.0,190.0,565.0
Prince Albert,3530.0,1946.6666666666667,5060.0,4320.0,3790.0,3180.0,2275.0,1765.0,1420.0,1265.0,2990.0,3365.0,3115.0,145.0,155.0,3045.0,695.0,1601.6666666666667,3220.0,3140.0,3015.0,2745.0,2500.0,3120.0,2500.0,2825.0,2735.0,2280.0,1895.0,1255.0,1030.0,375.0,305.0,1218.3333333333333,1464.0,14225.0,4583.333333333333,2200.0,12995.0,1050.0,2120.0,2715.0,720.0,2495.0,2123.3333333333335,4020.0,5770.0,205.0,100.0,780.0,310.0,1150.0
Prince George,7255.0,5843.333333333333,9515.0,8630.0,7785.0,6715.0,5350.0,4470.0,3535.0,2985.0,4435.0,5535.0,5220.0,910.0,1025.0,5835.0,1155.0,1590.0,6495.0,6365.0,6280.0,5560.0,5625.0,5130.0,5835.0,6375.0,6180.0,5070.0,4040.0,2690.0,1585.0,490.0,3025.0,3228.3333333333335,3874.0,32085.0,10436.666666666666,4625.0,21775.0,2425.0,3800.0,5595.0,1100.0,3360.0,5420.0,8505.0,13355.0,390.0,460.0,2540.0,820.0,1590.0
Prince Rupert,1180.0,1118.3333333333333,1515.0,1220.0,1045.0,880.0,715.0,525.0,485.0,415.0,730.0,860.0,765.0,260.0,225.0,825.0,250.0,273.3333333333333,965.0,1040.0,810.0,785.0,845.0,755.0,915.0,935.0,1010.0,785.0,595.0,390.0,235.0,83.0,475.0,585.0,703.0,4190.0,1330.0,595.0,3590.0,345.0,615.0,1010.0,215.0,590.0,783.3333333333334,1115.0,1515.0,35.0,30.0,335.0,145.0,295.0
Quesnel,2490.0,1186.6666666666667,3180.0,2585.0,2005.0,1425.0,1115.0,990.0,750.0,600.0,1010.0,1450.0,1215.0,170.0,120.0,1050.0,205.0,183.33333333333334,1205.0,1265.0,1350.0,1285.0,1410.0,1195.0,1590.0,1890.0,1995.0,1795.0,1500.0,890.0,565.0,183.0,875.0,920.0,1104.0,8720.0,2853.3333333333335,1480.0,4590.0,660.0,1250.0,1685.0,330.0,790.0,1491.6666666666667,1375.0,3255.0,55.0,30.0,365.0,165.0,475.0
Québec,67285.0,39661.666666666664,94355.0,85525.0,88740.0,78375.0,59310.0,44215.0,34825.0,24790.0,40730.0,46460.0,40030.0,3090.0,5875.0,45550.0,15545.0,17421.666666666668,54715.0,53945.0,55515.0,58155.0,49445.0,46410.0,48450.0,58135.0,59950.0,54795.0,48260.0,35640.0,21665.0,8587.0,4220.0,68580.0,82360.0,198945.0,63660.0,45325.0,212730.0,8365.0,34445.0,35945.0,9500.0,22465.0,70688.33333333333,115655.0,139165.0,5200.0,8725.0,44015.0,15225.0,26995.0
Red Deer,6985.0,5723.333333333333,12640.0,10165.0,9030.0,7270.0,5615.0,4260.0,3275.0,2775.0,5405.0,6610.0,6170.0,1170.0,1390.0,6075.0,3870.0,5550.0,6475.0,7505.0,7900.0,7515.0,6520.0,6350.0,6030.0,6500.0,6600.0,5330.0,3865.0,2470.0,1795.0,688.0,1770.0,2703.3333333333335,3243.0,36755.0,11938.333333333334,6405.0,24900.0,2500.0,3810.0,5455.0,1105.0,4005.0,5348.333333333333,10360.0,16690.0,520.0,210.0,2100.0,860.0,2300.0
Regina,17615.0,15861.666666666666,25145.0,22345.0,21325.0,18665.0,15445.0,12505.0,9970.0,8075.0,14880.0,16045.0,14405.0,1935.0,2785.0,15985.0,9340.0,18628.333333333332,16530.0,18955.0,19715.0,17905.0,15230.0,16410.0,14005.0,15645.0,15010.0,12725.0,9560.0,6280.0,4555.0,2148.0,4045.0,6191.666666666667,7430.0,96450.0,31188.333333333332,11935.0,60225.0,4420.0,10270.0,14305.0,2695.0,9005.0,11073.333333333334,38670.0,29030.0,1390.0,1490.0,10590.0,2765.0,8305.0
Rimouski,5415.0,1850.0,7220.0,6295.0,6100.0,4800.0,3355.0,2340.0,1835.0,1285.0,2350.0,2805.0,2500.0,75.0,165.0,2880.0,315.0,346.6666666666667,3080.0,3055.0,3140.0,3345.0,2925.0,2745.0,2855.0,3865.0,4625.0,4575.0,3795.0,2500.0,1470.0,580.0,110.0,4673.333333333333,5617.0,12255.0,3973.3333333333335,2970.0,13725.0,470.0,2585.0,2500.0,575.0,1470.0,5086.666666666667,6675.0,9290.0,360.0,565.0,1865.0,670.0,1830.0
Rivière-du-Loup,2915.0,895.0,3915.0,3420.0,3420.0,2815.0,1960.0,1180.0,890.0,600.0,1335.0,1740.0,1550.0,60.0,40.0,1420.0,115.0,145.0,1560.0,1705.0,1740.0,1895.0,1745.0,1580.0,1555.0,2115.0,2375.0,2415.0,1990.0,1460.0,855.0,404.0,45.0,2578.3333333333335,3099.0,7030.0,2236.6666666666665,1615.0,7130.0,260.0,1595.0,1300.0,275.0,740.0,3696.6666666666665,2605.0,4575.0,125.0,90.0,715.0,265.0,870.0
Rouyn-Noranda,3825.0,2498.3333333333335,5080.0,4035.0,4115.0,3405.0,2610.0,1885.0,1600.0,1170.0,2305.0,2455.0,2135.0,25.0,45.0,2285.0,205.0,241.66666666666666,2810.0,2825.0,2760.0,2540.0,2360.0,2545.0,2505.0,3175.0,3285.0,2770.0,2170.0,1465.0,890.0,418.0,120.0,3728.3333333333335,4474.0,9355.0,2975.0,2100.0,10055.0,395.0,1925.0,2035.0,590.0,1115.0,4838.333333333333,3880.0,5720.0,130.0,210.0,990.0,430.0,1210.0
Saguenay,16330.0,6825.0,20855.0,17060.0,17310.0,14615.0,10330.0,6870.0,5300.0,3400.0,7570.0,8455.0,7795.0,140.0,275.0,7910.0,630.0,518.3333333333334,9050.0,9320.0,9845.0,10280.0,8645.0,8530.0,8435.0,12105.0,14185.0,12680.0,10280.0,7270.0,4775.0,1775.0,255.0,13095.0,15727.0,42580.0,13868.333333333334,8645.0,36105.0,1750.0,8610.0,8575.0,1905.0,4180.0,21020.0,15310.0,26240.0,730.0,735.0,3940.0,1785.0,4690.0
Saint John,11995.0,5885.0,17195.0,14630.0,13490.0,9695.0,7195.0,5295.0,4215.0,3005.0,5870.0,7465.0,7165.0,550.0,490.0,7295.0,1205.0,2818.3333333333335,7635.0,7765.0,7865.0,8175.0,8610.0,6870.0,8685.0,10550.0,10015.0,8850.0,7375.0,4760.0,2975.0,1073.0,1985.0,3993.3333333333335,4791.0,50920.0,16673.333333333332,7045.0,29975.0,3750.0,6730.0,8400.0,1480.0,5305.0,5330.0,16145.0,25390.0,695.0,465.0,4530.0,1310.0,1870.0
Saint-Georges,3775.0,925.0,4895.0,3730.0,3970.0,3230.0,2225.0,1495.0,1080.0,625.0,1535.0,2160.0,1890.0,40.0,40.0,1665.0,95.0,220.0,1675.0,1815.0,2125.0,2455.0,2025.0,2070.0,2085.0,2640.0,2735.0,2495.0,2145.0,1605.0,860.0,340.0,110.0,2538.3333333333335,3049.0,8545.0,2776.6666666666665,2340.0,8415.0,360.0,1790.0,1470.0,430.0,1065.0,3883.3333333333335,2755.0,4970.0,85.0,75.0,430.0,360.0,825.0
Saint-Hyacinthe,6075.0,1616.6666666666667,8920.0,6915.0,6680.0,5260.0,3625.0,2270.0,1685.0,1070.0,2725.0,3325.0,2925.0,105.0,275.0,3185.0,1205.0,1605.0,3470.0,3340.0,3415.0,3850.0,3270.0,3040.0,3450.0,4205.0,4455.0,4285.0,3745.0,2985.0,1950.0,944.0,305.0,4140.0,4969.0,14505.0,4621.666666666667,4195.0,15690.0,645.0,3435.0,2670.0,760.0,2035.0,5866.666666666667,4375.0,7905.0,335.0,225.0,1145.0,655.0,1805.0
Sainte-Agathe-des-Monts,2210.0,615.0,3415.0,2570.0,2170.0,1550.0,1115.0,730.0,560.0,295.0,780.0,980.0,765.0,100.0,185.0,660.0,235.0,170.0,780.0,905.0,1060.0,1260.0,1140.0,940.0,1140.0,1740.0,2115.0,1875.0,1565.0,1070.0,590.0,214.0,310.0,1500.0,1800.0,4890.0,1583.3333333333333,1640.0,4820.0,300.0,1050.0,940.0,300.0,695.0,2001.6666666666667,2055.0,2785.0,115.0,130.0,720.0,320.0,645.0
Sainte-Marie,1125.0,423.3333333333333,1595.0,1290.0,1410.0,1295.0,880.0,690.0,485.0,280.0,720.0,840.0,680.0,25.0,10.0,615.0,120.0,78.33333333333333,640.0,775.0,820.0,910.0,770.0,785.0,730.0,900.0,1010.0,885.0,750.0,555.0,365.0,160.0,45.0,980.0,1182.0,3660.0,1156.6666666666667,555.0,2865.0,145.0,615.0,490.0,150.0,350.0,1381.6666666666667,1175.0,2075.0,75.0,25.0,245.0,170.0,320.0
Salaberry-de-Valleyfield,4585.0,1056.6666666666667,6510.0,5145.0,4755.0,3600.0,2465.0,1680.0,1260.0,830.0,2070.0,1980.0,1695.0,115.0,165.0,2050.0,355.0,270.0,2720.0,2750.0,2400.0,2475.0,2190.0,2205.0,2515.0,3285.0,3655.0,3325.0,2800.0,2150.0,1245.0,507.0,270.0,3206.6666666666665,3854.0,9800.0,3141.6666666666665,3190.0,10890.0,520.0,2490.0,1940.0,575.0,1640.0,5078.333333333333,2380.0,5395.0,90.0,50.0,535.0,380.0,860.0
Salmon Arm,2080.0,818.3333333333334,2700.0,2200.0,1890.0,1440.0,1075.0,840.0,590.0,445.0,755.0,1120.0,1065.0,160.0,240.0,730.0,260.0,260.0,825.0,965.0,1005.0,1075.0,990.0,975.0,1150.0,1370.0,1690.0,1610.0,1435.0,1170.0,825.0,387.0,860.0,508.3333333333333,609.0,8480.0,2720.0,1325.0,3530.0,495.0,1505.0,1155.0,185.0,635.0,1106.6666666666667,2010.0,3655.0,115.0,55.0,580.0,210.0,495.0
Sarnia,9540.0,6571.666666666667,11365.0,10025.0,8745.0,7165.0,5685.0,4395.0,3195.0,2700.0,4725.0,5235.0,4975.0,1235.0,905.0,5155.0,1250.0,945.0,5905.0,5865.0,5730.0,5375.0,5355.0,4910.0,5735.0,7130.0,7955.0,7380.0,6195.0,4350.0,2765.0,1139.0,5280.0,2771.6666666666665,3328.0,39890.0,13011.666666666666,5370.0,20750.0,2690.0,5695.0,6245.0,1120.0,3510.0,5045.0,9670.0,23325.0,290.0,335.0,2310.0,935.0,1140.0
Saskatoon,24655.0,18856.666666666668,34600.0,30315.0,27005.0,22565.0,18375.0,14760.0,11700.0,9225.0,19300.0,20180.0,18580.0,2600.0,3875.0,21905.0,12775.0,21573.333333333332,22775.0,25245.0,25095.0,22050.0,18850.0,21180.0,17540.0,19290.0,18505.0,15645.0,11525.0,7510.0,5420.0,2757.0,4460.0,7986.666666666667,9584.0,123185.0,39926.666666666664,14650.0,77650.0,5565.0,11810.0,19030.0,3065.0,10445.0,14290.0,49060.0,41520.0,2390.0,3620.0,13955.0,3315.0,7420.0
Sault Ste. Marie,7880.0,3501.6666666666665,9595.0,8945.0,7760.0,5745.0,4350.0,3415.0,2905.0,2370.0,3275.0,3820.0,3740.0,325.0,325.0,4250.0,520.0,613.3333333333334,4495.0,4515.0,4320.0,4305.0,4165.0,3955.0,4680.0,5935.0,6395.0,5525.0,4840.0,3365.0,2470.0,1068.0,4005.0,2436.6666666666665,2920.0,28560.0,9328.333333333334,4630.0,17680.0,2245.0,5265.0,4140.0,1000.0,3400.0,3016.6666666666665,9205.0,16435.0,350.0,320.0,1695.0,920.0,1070.0
Sept-Îles,2265.0,2036.6666666666667,3015.0,2640.0,2540.0,2225.0,1670.0,1185.0,885.0,725.0,1475.0,1845.0,1570.0,10.0,20.0,1435.0,100.0,178.33333333333334,1600.0,1645.0,1675.0,1770.0,1720.0,1650.0,1840.0,2140.0,2040.0,1690.0,1395.0,985.0,735.0,211.0,90.0,2271.6666666666665,2724.0,5540.0,1790.0,1355.0,7545.0,220.0,1290.0,1425.0,475.0,1175.0,2961.6666666666665,2005.0,4010.0,65.0,65.0,345.0,200.0,645.0
Shawinigan,6105.0,1030.0,8415.0,6175.0,5775.0,4175.0,2535.0,1635.0,1080.0,765.0,1985.0,2085.0,1880.0,95.0,90.0,1950.0,270.0,296.6666666666667,2280.0,2420.0,2550.0,2675.0,2380.0,2215.0,2680.0,4045.0,5125.0,4700.0,3815.0,2790.0,1860.0,871.0,115.0,3563.3333333333335,4274.0,11935.0,3815.0,3985.0,12785.0,555.0,3390.0,2515.0,620.0,1645.0,6026.666666666667,3385.0,7100.0,230.0,100.0,715.0,405.0,1165.0
Sherbrooke,23315.0,7951.666666666667,32535.0,25020.0,23715.0,18275.0,12995.0,9320.0,7045.0,4795.0,10745.0,12850.0,11755.0,985.0,2245.0,15505.0,4515.0,4830.0,14945.0,13740.0,13615.0,14145.0,12420.0,12420.0,12765.0,15385.0,16085.0,15150.0,13150.0,9755.0,6010.0,2786.0,1735.0,16783.333333333332,20144.0,54050.0,17391.666666666668,14770.0,60190.0,2315.0,9705.0,11185.0,2675.0,6700.0,21106.666666666668,26340.0,33485.0,1605.0,2815.0,10590.0,3395.0,6130.0
Sorel-Tracy,4980.0,1520.0,6620.0,4975.0,4280.0,3140.0,2145.0,1580.0,1415.0,975.0,1560.0,1855.0,1730.0,110.0,120.0,1755.0,250.0,195.0,1895.0,2085.0,2220.0,2515.0,2140.0,1855.0,2510.0,3215.0,3955.0,3800.0,3350.0,2640.0,1395.0,583.0,250.0,3143.3333333333335,3774.0,10790.0,3496.6666666666665,2910.0,10255.0,405.0,2875.0,2215.0,530.0,1370.0,4876.666666666667,2670.0,6460.0,105.0,75.0,540.0,375.0,1195.0
Squamish,1610.0,1983.3333333333333,2170.0,2200.0,2075.0,1885.0,1510.0,1325.0,1045.0,895.0,1490.0,1510.0,1060.0,390.0,730.0,980.0,805.0,1226.6666666666667,1725.0,2365.0,2605.0,2315.0,2005.0,1560.0,1490.0,1245.0,1035.0,960.0,745.0,525.0,325.0,117.0,1020.0,1211.6666666666667,1455.0,8510.0,2765.0,1050.0,5330.0,485.0,660.0,1330.0,210.0,550.0,1136.6666666666667,4365.0,3250.0,120.0,200.0,1450.0,485.0,895.0
St. Catharines - Niagara,45315.0,18316.666666666668,60785.0,53525.0,42760.0,32500.0,23745.0,16965.0,12180.0,9960.0,19555.0,22085.0,22615.0,8680.0,10590.0,24930.0,12470.0,9598.333333333334,26400.0,26150.0,24785.0,23985.0,24990.0,21160.0,27735.0,33310.0,33405.0,30475.0,26870.0,18590.0,12730.0,5537.0,30160.0,12038.333333333334,14471.0,171880.0,55670.0,25165.0,98840.0,12690.0,26060.0,25760.0,4880.0,17785.0,16428.333333333332,49905.0,85740.0,1675.0,2075.0,14220.0,4895.0,6590.0
St. John's,19270.0,13320.0,26135.0,21860.0,19920.0,15670.0,12150.0,9510.0,7710.0,6455.0,9135.0,11655.0,11235.0,555.0,705.0,13645.0,1780.0,3100.0,13605.0,14630.0,15020.0,14735.0,14490.0,10775.0,14850.0,15570.0,14610.0,12870.0,10645.0,7185.0,4325.0,1432.0,1820.0,7011.666666666667,8413.0,81265.0,26563.333333333332,10715.0,54140.0,4030.0,9830.0,12495.0,2230.0,8305.0,9353.333333333334,29890.0,42890.0,1300.0,2205.0,11520.0,2085.0,4760.0
Steinbach,1900.0,455.0,2400.0,1900.0,1800.0,1290.0,875.0,580.0,430.0,290.0,1265.0,1230.0,1090.0,200.0,265.0,1330.0,1170.0,1103.3333333333333,1260.0,1225.0,1275.0,1130.0,1000.0,1295.0,880.0,945.0,835.0,825.0,725.0,595.0,435.0,192.0,445.0,250.0,303.0,7740.0,2515.0,625.0,3685.0,375.0,850.0,1165.0,120.0,515.0,475.0,1750.0,2310.0,110.0,50.0,305.0,200.0,340.0
Stratford,3200.0,1455.0,4175.0,3620.0,3515.0,3045.0,2235.0,1580.0,1065.0,820.0,1530.0,1695.0,1705.0,530.0,405.0,1680.0,405.0,435.0,1965.0,2040.0,2100.0,1900.0,1960.0,1580.0,1995.0,2530.0,2625.0,2425.0,2015.0,1400.0,1000.0,437.0,1565.0,1013.3333333333334,1219.0,12965.0,4193.333333333333,2140.0,7330.0,980.0,1970.0,1655.0,365.0,1305.0,1095.0,4155.0,6105.0,180.0,180.0,1165.0,380.0,535.0
Strathmore,1065.0,853.3333333333334,1725.0,1320.0,1165.0,870.0,815.0,635.0,520.0,430.0,745.0,1080.0,980.0,105.0,125.0,670.0,260.0,280.0,725.0,925.0,1015.0,1000.0,990.0,1005.0,940.0,905.0,815.0,785.0,690.0,465.0,325.0,111.0,345.0,403.3333333333333,482.0,5705.0,1860.0,795.0,2760.0,370.0,665.0,895.0,170.0,520.0,686.6666666666666,1245.0,2385.0,45.0,10.0,230.0,105.0,320.0
Summerside,1835.0,386.6666666666667,2745.0,2380.0,2150.0,1525.0,980.0,610.0,390.0,305.0,745.0,1005.0,995.0,70.0,70.0,1175.0,140.0,365.0,915.0,970.0,1010.0,1010.0,1135.0,955.0,1140.0,1440.0,1365.0,1240.0,1145.0,775.0,575.0,223.0,240.0,528.3333333333334,636.0,6875.0,2213.3333333333335,1065.0,4210.0,540.0,1175.0,1040.0,200.0,735.0,633.3333333333334,1665.0,3765.0,70.0,30.0,495.0,90.0,395.0
Swift Current,1520.0,971.6666666666666,2065.0,1830.0,1835.0,1460.0,1195.0,855.0,710.0,485.0,945.0,1060.0,1115.0,65.0,90.0,1050.0,450.0,870.0,1085.0,1210.0,1315.0,1100.0,1060.0,1120.0,1060.0,1265.0,1295.0,1140.0,925.0,675.0,565.0,310.0,225.0,431.6666666666667,520.0,8130.0,2600.0,930.0,3735.0,280.0,1245.0,1110.0,125.0,525.0,930.0,1915.0,2880.0,110.0,60.0,345.0,160.0,375.0
Sylvan Lake,1155.0,1173.3333333333333,1775.0,1520.0,1330.0,1050.0,920.0,735.0,555.0,545.0,1010.0,1265.0,1085.0,95.0,125.0,950.0,250.0,245.0,1090.0,1265.0,1405.0,1260.0,1085.0,1215.0,995.0,1015.0,980.0,775.0,545.0,275.0,185.0,46.0,235.0,561.6666666666666,675.0,5900.0,1936.6666666666667,1025.0,3490.0,445.0,465.0,1010.0,205.0,720.0,1056.6666666666667,1320.0,2815.0,60.0,15.0,200.0,70.0,370.0
Terrace,1655.0,1283.3333333333333,2130.0,1900.0,1695.0,1460.0,1140.0,900.0,755.0,605.0,1145.0,1195.0,1085.0,180.0,185.0,1115.0,145.0,206.66666666666666,1415.0,1455.0,1340.0,1210.0,1155.0,1185.0,1355.0,1380.0,1360.0,1125.0,910.0,585.0,340.0,99.0,825.0,836.6666666666666,1005.0,6720.0,2180.0,910.0,4645.0,475.0,815.0,1235.0,255.0,715.0,1358.3333333333333,1745.0,3075.0,130.0,75.0,520.0,180.0,485.0
Thetford Mines,3200.0,575.0,4675.0,3390.0,3140.0,2495.0,1445.0,870.0,655.0,415.0,1100.0,1430.0,1160.0,80.0,50.0,1145.0,110.0,98.33333333333333,1290.0,1305.0,1395.0,1640.0,1345.0,1305.0,1485.0,2065.0,2425.0,2400.0,2270.0,1745.0,1230.0,622.0,85.0,1915.0,2295.0,7840.0,2455.0,1925.0,6650.0,240.0,2055.0,1210.0,315.0,830.0,3558.3333333333335,1790.0,4205.0,100.0,35.0,335.0,230.0,770.0
Thompson,900.0,1045.0,1085.0,980.0,960.0,775.0,635.0,450.0,395.0,390.0,1095.0,1140.0,905.0,110.0,80.0,925.0,350.0,693.3333333333334,1070.0,1075.0,905.0,900.0,770.0,1135.0,785.0,795.0,570.0,400.0,270.0,170.0,90.0,16.0,150.0,483.3333333333333,581.0,3610.0,1145.0,360.0,3655.0,260.0,325.0,920.0,215.0,690.0,416.6666666666667,1245.0,1360.0,45.0,20.0,280.0,220.0,320.0
Thunder Bay,11245.0,6511.666666666667,14650.0,13210.0,12125.0,10105.0,8065.0,6145.0,4455.0,3570.0,5550.0,6145.0,6125.0,965.0,835.0,7975.0,1155.0,1151.6666666666667,8735.0,7780.0,7280.0,6740.0,7085.0,5965.0,7815.0,9235.0,9780.0,8450.0,7235.0,4615.0,3230.0,1406.0,5300.0,4105.0,4928.0,44330.0,14426.666666666666,6770.0,31470.0,3505.0,7215.0,6620.0,1575.0,4965.0,4993.333333333333,15600.0,25310.0,740.0,790.0,4240.0,1530.0,1935.0
Tillsonburg,1990.0,656.6666666666666,2720.0,2045.0,1955.0,1660.0,1200.0,870.0,500.0,370.0,885.0,885.0,965.0,410.0,245.0,895.0,255.0,158.33333333333334,970.0,1010.0,990.0,990.0,980.0,860.0,1095.0,1280.0,1365.0,1405.0,1390.0,1080.0,750.0,328.0,1150.0,553.3333333333334,664.0,7870.0,2586.6666666666665,1105.0,3400.0,515.0,1440.0,995.0,175.0,655.0,585.0,1405.0,3875.0,75.0,35.0,245.0,145.0,205.0
Timmins,3945.0,2951.6666666666665,4805.0,3830.0,3445.0,2940.0,2410.0,1810.0,1360.0,1230.0,1950.0,2420.0,2270.0,75.0,135.0,2580.0,180.0,260.0,2720.0,2815.0,2545.0,2500.0,2580.0,2285.0,2680.0,3220.0,3130.0,2525.0,1905.0,1305.0,910.0,321.0,590.0,1686.6666666666667,2025.0,14255.0,4636.666666666667,2035.0,9595.0,1275.0,2275.0,2435.0,575.0,1595.0,1611.6666666666667,3065.0,9285.0,125.0,45.0,660.0,410.0,405.0
Toronto,614440.0,436521.6666666667,794350.0,588250.0,477560.0,389850.0,309625.0,248620.0,202345.0,166190.0,289425.0,349955.0,357165.0,348930.0,634830.0,418430.0,689395.0,477586.6666666667,466530.0,467160.0,443940.0,414950.0,414990.0,325675.0,431180.0,438475.0,381715.0,308525.0,258975.0,175000.0,126985.0,53261.0,473315.0,108295.0,130054.0,2560370.0,818696.6666666666,284130.0,1685300.0,130470.0,251765.0,481940.0,54425.0,248000.0,126983.33333333333,1273260.0,844180.0,50290.0,57465.0,459630.0,126965.0,150510.0
Trail,1270.0,881.6666666666666,1750.0,1665.0,1470.0,1175.0,715.0,555.0,395.0,420.0,545.0,730.0,645.0,120.0,115.0,675.0,95.0,120.0,865.0,780.0,890.0,755.0,760.0,695.0,845.0,1035.0,1300.0,1225.0,990.0,615.0,450.0,190.0,575.0,490.0,587.0,5495.0,1793.3333333333333,1005.0,2950.0,410.0,970.0,860.0,170.0,475.0,1140.0,1075.0,2950.0,30.0,35.0,270.0,135.0,340.0
Trois-Rivières,16945.0,5678.333333333333,23395.0,18320.0,17305.0,13600.0,9140.0,6375.0,4705.0,3230.0,7210.0,8270.0,7550.0,400.0,520.0,8940.0,1930.0,1936.6666666666667,9705.0,9005.0,9485.0,9810.0,8240.0,8035.0,8835.0,11815.0,13140.0,12175.0,10630.0,7985.0,5165.0,2200.0,600.0,12573.333333333334,15093.0,37010.0,11770.0,10730.0,42020.0,1620.0,8855.0,7890.0,1955.0,5120.0,16051.666666666666,16880.0,25975.0,810.0,965.0,4855.0,1925.0,5120.0
Truro,5195.0,1381.6666666666667,7010.0,5515.0,4920.0,3475.0,2450.0,1710.0,1340.0,915.0,1925.0,2495.0,2360.0,185.0,230.0,2430.0,320.0,426.6666666666667,2550.0,2515.0,2555.0,2515.0,2860.0,2250.0,3095.0,3760.0,3725.0,3350.0,2930.0,2110.0,1415.0,528.0,720.0,1578.3333333333333,1898.0,17820.0,5826.666666666667,2605.0,9985.0,1385.0,2955.0,2920.0,525.0,1890.0,2313.3333333333335,4530.0,8500.0,215.0,195.0,1585.0,405.0,835.0
Val-d'Or,3010.0,2175.0,4140.0,3290.0,3185.0,2685.0,2035.0,1435.0,1240.0,865.0,2025.0,2090.0,1705.0,35.0,30.0,1770.0,125.0,311.6666666666667,2105.0,2270.0,2135.0,2075.0,1985.0,1970.0,2015.0,2610.0,2745.0,2190.0,1725.0,1215.0,740.0,265.0,80.0,3028.3333333333335,3632.0,7170.0,2315.0,1650.0,8060.0,390.0,1600.0,1690.0,470.0,960.0,3893.3333333333335,2845.0,3915.0,105.0,120.0,490.0,305.0,690.0
Vancouver,248480.0,175013.33333333334,325665.0,260250.0,222385.0,184935.0,146880.0,115620.0,91245.0,72940.0,114775.0,131975.0,137415.0,126870.0,255475.0,174255.0,259830.0,192491.66666666666,201270.0,210035.0,199405.0,178110.0,172885.0,125290.0,183290.0,184880.0,168455.0,144285.0,121230.0,80025.0,56105.0,23659.0,158270.0,60890.0,73078.0,1100315.0,349340.0,134670.0,694885.0,53410.0,104810.0,229760.0,21895.0,87695.0,83845.0,511110.0,340715.0,20895.0,27850.0,173475.0,54185.0,92495.0
Vernon,6755.0,3370.0,9000.0,7700.0,6510.0,5150.0,3860.0,2880.0,2145.0,1720.0,2555.0,3425.0,3195.0,845.0,830.0,2865.0,1430.0,915.0,3105.0,3555.0,3845.0,3790.0,3785.0,3265.0,4005.0,5210.0,5790.0,5425.0,4825.0,3390.0,2430.0,1049.0,3345.0,2068.3333333333335,2480.0,28030.0,9078.333333333334,4685.0,12945.0,1750.0,4225.0,4050.0,670.0,2145.0,4053.3333333333335,6520.0,12000.0,455.0,255.0,2200.0,705.0,1815.0
Victoria,32470.0,25253.333333333332,46350.0,40875.0,37875.0,32780.0,26745.0,21285.0,16590.0,12720.0,15140.0,17625.0,18365.0,8235.0,9595.0,23805.0,12675.0,11800.0,26575.0,27615.0,27585.0,25290.0,23615.0,17725.0,25090.0,27400.0,28490.0,27680.0,25040.0,16855.0,10875.0,4985.0,25145.0,13878.333333333334,16663.0,152280.0,49121.666666666664,27835.0,97360.0,8860.0,18745.0,24290.0,3615.0,11755.0,15948.333333333334,69475.0,60645.0,3115.0,6270.0,27665.0,7115.0,10780.0
Victoriaville,5830.0,1366.6666666666667,7820.0,5995.0,5880.0,4520.0,2945.0,2030.0,1440.0,820.0,2550.0,3025.0,2705.0,120.0,185.0,2475.0,480.0,428.3333333333333,2580.0,2740.0,3135.0,3295.0,2895.0,2890.0,2835.0,3720.0,3975.0,4020.0,3505.0,2745.0,1870.0,802.0,160.0,4073.3333333333335,4891.0,12575.0,4001.6666666666665,3600.0,12780.0,480.0,2805.0,2210.0,615.0,1610.0,5646.666666666667,4055.0,7530.0,255.0,105.0,940.0,630.0,1325.0
Wasaga Beach,3080.0,1003.3333333333334,3970.0,3105.0,2580.0,1865.0,1400.0,1040.0,745.0,565.0,865.0,1095.0,985.0,550.0,395.0,920.0,305.0,176.66666666666666,1050.0,1080.0,1215.0,1170.0,1200.0,950.0,1410.0,2025.0,2280.0,2535.0,2525.0,1755.0,1015.0,316.0,2765.0,796.6666666666666,956.0,11345.0,3703.3333333333335,1460.0,4355.0,775.0,1630.0,1375.0,250.0,915.0,1145.0,1995.0,5180.0,30.0,40.0,450.0,200.0,450.0
Wetaskiwin,990.0,420.0,1880.0,1290.0,1120.0,865.0,735.0,530.0,365.0,260.0,710.0,790.0,775.0,140.0,175.0,700.0,310.0,415.0,645.0,750.0,765.0,780.0,730.0,790.0,735.0,850.0,865.0,720.0,610.0,520.0,430.0,170.0,350.0,335.0,402.0,4215.0,1341.6666666666667,870.0,2970.0,385.0,855.0,665.0,175.0,590.0,623.3333333333334,930.0,1565.0,35.0,15.0,150.0,85.0,250.0
Weyburn,950.0,716.6666666666666,1330.0,1140.0,1030.0,910.0,745.0,540.0,440.0,345.0,720.0,815.0,770.0,40.0,40.0,665.0,205.0,546.6666666666666,620.0,835.0,890.0,755.0,735.0,795.0,670.0,775.0,740.0,640.0,505.0,400.0,355.0,227.0,125.0,328.3333333333333,393.0,4830.0,1566.6666666666667,595.0,2370.0,300.0,845.0,685.0,105.0,410.0,645.0,1195.0,1495.0,50.0,10.0,175.0,105.0,365.0
Whitehorse,1790.0,3055.0,2710.0,2525.0,2320.0,2070.0,2045.0,2095.0,1845.0,1685.0,1755.0,1815.0,1670.0,290.0,565.0,1790.0,950.0,1290.0,2250.0,2795.0,2840.0,2285.0,2140.0,1940.0,1885.0,2085.0,2150.0,1745.0,1310.0,750.0,385.0,125.0,890.0,1495.0,1795.0,10270.0,3300.0,1910.0,8210.0,585.0,935.0,1480.0,415.0,1115.0,1563.3333333333333,4895.0,4980.0,140.0,200.0,2180.0,465.0,970.0
Williams Lake,2290.0,1273.3333333333333,2870.0,2465.0,2110.0,1620.0,1305.0,1095.0,880.0,640.0,1225.0,1390.0,1250.0,165.0,245.0,1160.0,225.0,303.3333333333333,1315.0,1420.0,1485.0,1415.0,1400.0,1360.0,1555.0,1760.0,1885.0,1760.0,1370.0,885.0,495.0,188.0,905.0,976.6666666666666,1172.0,8785.0,2856.6666666666665,1230.0,4915.0,650.0,1125.0,1720.0,305.0,825.0,1538.3333333333333,1615.0,3040.0,90.0,25.0,500.0,160.0,830.0
Windsor,41290.0,20981.666666666668,51515.0,44530.0,40335.0,31840.0,22765.0,17020.0,12420.0,10220.0,20375.0,25210.0,25840.0,10365.0,17865.0,27555.0,18355.0,18063.333333333332,27620.0,25355.0,24435.0,24985.0,26930.0,23210.0,28470.0,31280.0,29830.0,25375.0,21615.0,14555.0,9775.0,4089.0,23230.0,8930.0,10720.0,168980.0,54488.333333333336,22610.0,104185.0,9890.0,21370.0,28435.0,4510.0,16975.0,13148.333333333334,51040.0,73130.0,2125.0,2815.0,16195.0,5245.0,5975.0
Winkler,3365.0,678.3333333333334,4115.0,3445.0,3355.0,2350.0,1355.0,890.0,695.0,465.0,2540.0,2650.0,2495.0,385.0,445.0,2210.0,3280.0,2006.6666666666667,2245.0,2185.0,2160.0,1965.0,1855.0,2750.0,1695.0,1670.0,1655.0,1395.0,1100.0,780.0,615.0,278.0,1035.0,273.3333333333333,328.0,15180.0,4956.666666666667,715.0,6245.0,485.0,1275.0,2375.0,145.0,580.0,976.6666666666666,2135.0,3305.0,100.0,20.0,485.0,290.0,705.0
Winnipeg,71045.0,37488.333333333336,101725.0,88755.0,80075.0,63080.0,48245.0,35965.0,27455.0,21660.0,44715.0,48420.0,47940.0,18260.0,17770.0,61050.0,50065.0,60323.333333333336,59295.0,59905.0,59540.0,55865.0,52475.0,47990.0,50385.0,54875.0,51820.0,44510.0,37020.0,24280.0,16295.0,7318.0,31370.0,20781.666666666668,24939.0,320045.0,103253.33333333333,39450.0,219610.0,15640.0,36470.0,61495.0,8405.0,29650.0,27311.666666666668,134865.0,120975.0,5250.0,5725.0,32640.0,14780.0,21160.0
Wood Buffalo,3445.0,13526.666666666666,4470.0,3950.0,3625.0,3165.0,2770.0,2405.0,2320.0,2225.0,5905.0,4995.0,4010.0,615.0,1550.0,3980.0,4530.0,5386.666666666667,5255.0,7520.0,8085.0,6615.0,5460.0,6060.0,4925.0,4510.0,3260.0,1705.0,825.0,410.0,190.0,52.0,650.0,2783.3333333333335,3342.0,27165.0,8476.666666666666,2750.0,16050.0,1570.0,985.0,4815.0,905.0,2055.0,5393.333333333333,7815.0,11540.0,195.0,155.0,1970.0,675.0,1735.0
Woodstock,4390.0,1795.0,5595.0,4780.0,4645.0,4095.0,3095.0,2135.0,1510.0,1065.0,2710.0,2645.0,2480.0,735.0,820.0,2460.0,1355.0,1191.6666666666667,3035.0,3415.0,3295.0,3020.0,2750.0,2875.0,2650.0,3170.0,3045.0,2640.0,2335.0,1665.0,1175.0,534.0,2115.0,1533.3333333333333,1844.0,17905.0,5831.666666666667,2585.0,9460.0,1320.0,2590.0,2510.0,540.0,1815.0,1420.0,4035.0,9215.0,115.0,110.0,1010.0,385.0,530.0
Yellowknife,855.0,3423.3333333333335,1195.0,1110.0,1085.0,1020.0,940.0,1040.0,940.0,945.0,1360.0,1340.0,1190.0,260.0,505.0,1310.0,820.0,853.3333333333334,1635.0,1855.0,1745.0,1665.0,1410.0,1420.0,1325.0,1385.0,1115.0,725.0,425.0,235.0,95.0,43.0,400.0,873.3333333333334,1048.0,6550.0,2080.0,805.0,5460.0,370.0,410.0,1435.0,245.0,760.0,693.3333333333334,3355.0,2635.0,85.0,70.0,1265.0,310.0,530.0
Yorkton,1755.0,948.3333333333334,2415.0,2050.0,1870.0,1545.0,1230.0,875.0,630.0,550.0,1070.0,1310.0,1215.0,50.0,70.0,1085.0,410.0,908.3333333333334,1105.0,1220.0,1255.0,1280.0,1220.0,1210.0,1160.0,1325.0,1310.0,1125.0,935.0,720.0,615.0,284.0,165.0,513.3333333333334,618.0,7885.0,2550.0,995.0,4255.0,360.0,1225.0,1005.0,195.0,695.0,951.6666666666666,1955.0,2610.0,95.0,20.0,345.0,135.0,480.0
